userName,score,at,content,sentimen_id,confidence
Gus Mal,5,2026-05-03 12:16:38,bagus,Positif,0.7057
Riyu Aditya Lintang Pratama,1,2026-05-03 11:52:42,gak bisa login padahal pin dan nomer telpon sudah benar,Negatif,0.9029
Sulastri Era,5,2026-05-03 07:07:58,pelayanan prima,Netral,0.5424
Arista_88,1,2026-05-02 11:38:51,tolong di perbaiki aplikasinya. karena susah mau skrining kesehatan mandiri.,Negatif,0.9715
Andre Nakiatu,1,2026-05-02 11:36:28,"aplikasi cacat udah diganti pin masih aja tetep pin salah, padahal udah bener",Negatif,0.9922
trisakti lorina,2,2026-05-02 06:11:38,kenapa gak bisa diakses si udah download dftar juga gak bisa2 dibuka aplikasinya,Negatif,0.9905
khaidir sulaiman,5,2026-05-02 05:00:49,bagus,Positif,0.7057
Ela Sukarya,5,2026-05-02 03:39:46,Alhamdulillah bisa mengetahui gula darah dan tekanan darah.,Positif,0.5453
Nandar Yanuar,5,2026-05-02 02:08:29,Sangat membantu,Positif,0.9744
Royo Prasilo,5,2026-05-02 00:10:13,"Informatif, Baik & bagus.",Positif,0.9559
fadlany 2906,1,2026-05-01 13:49:53,"domisili daerah ku tidak ada, aku kalimantan timur, kutai kartanegara, tenggarong, loa ipuh.",Netral,0.5418
nurliah liah,5,2026-05-01 12:29:09,memudahkan dlm proses permintaan data,Positif,0.7702
Natan Setio,1,2026-05-01 03:40:38,"mau login tidak bisa, sudah berbagai cara sampai opsi lupa akun isi ulang data, ganti no hp dan masukkan no verifikasi tetap tidak bisa",Negatif,0.5492
Eko Suastama,1,2026-05-01 01:02:23,"disuruh daftar anak sampai tgl 3mei 2026,mau masuk susah, login susah, uninstal n instal, ganti pin reset berkali kali, dari kemarin jungkir balik tak kunjung bisa,mau daftar katanya nomer telpon sudah terdaftar, mau masuk dikirim kode Verifikasi, verifikasi available!",Negatif,0.9875
Elisia Helfida,1,2026-04-30 22:50:01,"akun ga pernah ganti pin tapi salah mulu giliran ganti pin sampe berapa kali tetep aja salah, gimana solusinya?",Negatif,0.9944
RONI EKA PUTRA,5,2026-04-30 16:30:24,bagus bisa melihat sertifikat covid yg lama,Netral,0.6292
M.Fathan Alfaruq,1,2026-04-30 15:46:27,"saya kira sinyal saya yg gangguan ternyata emang apk nya aja yg bermasalah yaelahh mau nyoba skrining gratis ulang tahun aja susah bener dari lemot lah, login juga kagak jelas loading mulu jadi tutup buka apk keburu ga mood, klo mo buat apk hire developer yg kompeten biar gk kejadian kek gini yg tadinya mo skrining jadi udah males di awal gegara apk gk jelas begini elahh",Negatif,0.9982
Hanapi Hasan,1,2026-04-30 13:24:19,Pin sudah benar tapi kenapa disalahkan oleh aplikasi?,Negatif,0.9969
maz DICK (Prayoga),1,2026-04-30 04:27:47,"CKG lewat piskesmas sembung, yg ke-1 tidak dikirim ke apl satu sehat, kemudian ckg lagi. lewat puskesmas yg sama tapi sudah 2 bulan lebih rapor kesehatan nggak nongol², malah statusnya 'DALAM PEMERIKSAAN'. Kalo gak mampu membuat aplikasi yg mumpuni dlm melayani masyarakat mbok gak usah gembar gembor nyuruh semua orang diajak CKG tapi hasilnya gak jelas, cuma menghambur-hamburkan uang rakyat untuk alat cari muka segelintir pejabat....",Negatif,0.9978
Masduki8 Masduki1,1,2026-04-30 02:59:45,kode otp nya nggak dikirim2,Negatif,0.9798
Hettypardiana,5,2026-04-29 11:16:10,akhirnya pilih kembali 🙏,Netral,0.9439
Guntur Samodra,1,2026-04-29 06:20:52,aplikasi apaan mau login aja sudah nya minta ampun. suruh masukan sandi tapi salah mulu padahal sudah diganti tetep aja salah,Negatif,0.9991
Zian N,1,2026-04-29 05:39:31,login nya susah amat nik atau nama tidak sesuai atau tidak ditemukan padahal udah pas sesuai banget. apk RESE!,Negatif,0.9986
Hiland Snake,1,2026-04-29 05:10:57,mau instal dan update dari versi lama gagal terus. ga tau masalah nya dimana.,Negatif,0.9953
Zaqi Dava Alife,1,2026-04-29 03:31:01,"kenapa ya saya gak bisa masuk login. pin yang diisi benar kok, giliran mau di ganti pin baru malah ke log out sendiri hadeh",Negatif,0.995
Nur Ningsih,2,2026-04-29 03:12:08,"Kenapa Aplikasi ini sudah saya Masukkan PIN berulang ulang tetap saja tidak valid,bahkan saya sudah Ganti PIN tetap sama saja tidak Valid mohon petunjuknya",Negatif,0.9905
Muhammad Rinaldi,1,2026-04-28 18:11:50,"perbaiki app nya tolong,daftar susah sekali,nik sudah benar,bisa tidak di temukan nik nya,di APP JKN GAMPANG DAFTAR NYA,TIDAK DI PERSULIT,NIK KTP MASUK!",Negatif,0.9862
sekar sekar,5,2026-04-28 14:18:39,Puas Sekali,Positif,0.6619
Sekar sekar,5,2026-04-28 13:49:09,Puas Sekali,Positif,0.6619
Wian Prtma,1,2026-04-28 13:11:09,"aplikasi cacat perubahan email di karnakan lupa, dan sudah di ganti malah ga bisa masuk, tolong di perbaiki sistem dong, kita bayar pajak tapi layanan sampah begini.",Negatif,0.9971
Vj Agasha Channel,1,2026-04-28 11:03:27,"Aplikasi yang sangat tidak recomend, takut data"" yang masuk bocor",Negatif,0.999
Anton Zamroni,5,2026-04-28 06:34:35,bagus pelayanannya,Positif,0.9887
Dyah Suryawati,1,2026-04-28 05:20:21,sudah ganti pin kaga bisa ke buka sama sekali,Netral,0.6641
Teo Afandi,5,2026-04-28 02:41:14,sangat membantu,Positif,0.9828
Alvino Dwi Putra,1,2026-04-28 01:45:59,"gak ada bedanya ama sistem lama, selalu bermasalah sama login. becus gak sih bikin aplikasi. update sih update tapi dipermudah dong baik akun baru maupun akun lama. payah nih pekerjanya sama sistemnya. Kalian kalo gak becus bubar aja kata saya. Satuin saja ini sistem dengan e KTP? apa? gak bisa? oh dagelan",Negatif,0.9979
Auvia Zahra,1,2026-04-28 00:16:27,"gabisa login, minta pin tapi katanya salah terus, udah bikin pin baru ttp salah, gajelas bgt plisss",Negatif,0.9974
Has Claww,1,2026-04-27 12:29:50,"rata2 aplikasi buatan pemerintah itu kualitas nya busuk salah satu nya ini,mau login sandi salah trus nyoba opsi lupa pin malah FC kan gebleg",Negatif,0.9981
kecamatan gudo,5,2026-04-27 07:45:06,terima kasih disampaikan kami bisa fetiksi dini kondisi kesehatan kami 👍🙏,Netral,0.5673
Evalery,1,2026-04-27 02:00:49,APLIKASI GAK JELAS! MAU DAFTAR PKG HARUS ISI DATA KOTA PAS DICARI KOTANYA GAK ADA . KALAU G DIISI G BISA DAFTAR. MAKSUDNA GIMANA Y? GAK JELAS,Negatif,0.931
Zulham Adi trianda,5,2026-04-26 11:18:59,mudah cepat,Positif,0.7593
Ridwan Infosys,5,2026-04-25 15:55:11,aplikasi ini sangat bermanfaat,Positif,0.9829
Luqman Hakim,1,2026-04-25 15:14:22,"apa ini saya g pernah daftar tiba"" ntah nomer ntah ktp saya sudah di pakai orang... apakah ini kesalah atau ada permainan orang dalam ??",Negatif,0.9954
Muhammad Izhar,5,2026-04-25 14:55:48,mendidik untuk sama sama pentingnya kita sehat 'afiat mencapai sukses berkah selalu 🤲👍❤️,Positif,0.8271
Umi Mrsda,1,2026-04-25 08:31:57,"verifikasinya sulit by email tdk masuk, by no tdk bisa sms pdhl no yg digunakan tdk utk no whatsapp, mohon perbaikannya",Negatif,0.9375
adwa asmaul husna,1,2026-04-25 07:32:31,"no hp sudsh terdaftar, tapi masukkan untuk ganti pin g bisa. dibilamg NIK tidak Sesuai. jelas2 depan mata KTP kita ketik. aneh2 aja... susah kayak gini ah...",Negatif,0.9962
Fani Uswatun Hasanah,5,2026-04-25 04:02:54,baguss,Positif,0.564
Chuzu Orihime,1,2026-04-25 03:53:07,"ini gimana sih, diminta kode otp yg di kirim ke email tapi saling gk valid,. udh coba beberapa kali tapi masih juga valid.",Negatif,0.9977
Muhammad Rifqi aulia aska,1,2026-04-25 01:27:57,gimana ini mau masuk kok loading trus,Negatif,0.9929
T Rex,1,2026-04-24 12:37:16,bad,Netral,0.9497
Ujang Ridwan,5,2026-04-24 10:42:19,good,Positif,0.7423
Deri Yana,1,2026-04-24 09:25:01,gajelas udah ganti email masih engga bisa udah daftar lagi bikin akun baru masih ga bisa parah!!!!!!!,Negatif,0.9982
Edfira,5,2026-04-24 09:20:45,Kesehatan adalah utama & segalanya.,Positif,0.9315
Ressa Herwidiyan,1,2026-04-24 08:30:04,disuruh pakai ini untuk cek vaksin anak dan sertifikatnya tapi kenyataannya ga ada sama sekali...,Negatif,0.9934
rahmat witular,1,2026-04-23 16:40:36,aplikasi sampah susah bgt loginnya,Negatif,0.998
Iiq Doank,1,2026-04-23 13:52:00,apk nya bikin ribet skrang harus centang biru dllu mana susah buat verifikasi profil nya sayah sendiri yang kerja di puakesmas gak tau harus perivikasi ke siapa karna di puskesmas blom ada arahan buat nerima verifikasi bgtu dan blom tau gmna sistem nya,Negatif,0.9688
Fauzi Noval Ilhamsyah,1,2026-04-23 13:33:59,masa udh keluar dri akun mau login lgi ga bisa,Negatif,0.9765
Dwita Agl,1,2026-04-23 13:13:04,"Bukannya mempermudah, ini aplikasi malah mempersulit. Sudah sebanyak ini keluhan login, sampai saat ini tidak ada perbaikan. Nama aplikasinya SATUSEHAT tapi saya dibuat stress. Tolonglah perbaikannya, saya mau melamar kerja butuh bukti vaksin.",Negatif,0.997
Abdul Gani,1,2026-04-23 12:02:47,"saya salah mulu bagian PIN padahal saya sudah coba PIN yg saya pakai tapi tetap saja salah, dan ketika ingin ubah PIN terjadi error yaitu NIK selalu salah padahal ditahap verifikasi",Negatif,0.9655
Handayani Yani,1,2026-04-23 11:50:44,gabisa masuk lagi setelah logout keterangannya tidak valid terus,Negatif,0.8131
MitraIndoCemerlang,1,2026-04-23 10:24:58,Parah hasil skrining tak ada dasar yang tepat.,Negatif,0.9981
asep Syai19,1,2026-04-23 10:05:28,ga bisa masuk lagi..sms verivikasi ga masuk masuk,Negatif,0.7796
Rommy Wardhana,1,2026-04-23 02:59:29,saya lupa pin.sdh cb ganti via no WA ataupun email.tp ttp tdk bs.katanya tdk valid.cb daftar baru tdk bs katanya sdh terdaftar.jd solusinya apa nih.saya 2 hari lg hrs isi data CKG dr kantor.,Negatif,0.9579
MHaris Sandi,1,2026-04-22 12:58:43,saya sudah punya akun tapi ketika mencoba untuk login PIN BELUM SIAP.,Negatif,0.6698
samudera panggabean,1,2026-04-22 09:44:43,"aplikasi gajelas, email sudh terdaftar tapi kebacnya belum ke daftar , saat daftar dengan email yamg sama katanya sudah terdaftar, tipikal apps pemerintah gini kah? urgent nih lagi butuh",Negatif,0.9963
Condro Dewi,1,2026-04-22 08:32:49,"mau login aja susah banget, pin selalu dibilang salah, udah di reset juga tetep salah terus, buang buang waktu. plis perbaikin apk biar ngak bikin susah",Negatif,0.9979
David Prasetya,1,2026-04-22 06:26:41,"Selamat siangg satu sehat Jujus sangat kecewa karena telah memiliki akun dan saat telah logout tidak bisa login kembali, sudah memasukkan pin yg benar tetapi permintaan tidak valid, sudah mencoba untuk mereset pin juga sama saja. Mohon diperbaiki yaa, masa harus menunggu viral baru akan diperbaiki? Ini terkait data dan kesehatan yg sangat penting jangan sampai ada kesalahan server atau dari aplikasi karena bisa berdampak luas.",Negatif,0.9978
Adelia Hana Safitri,1,2026-04-22 03:09:49,GG (gak guna),Negatif,0.905
Imah Hakimah,4,2026-04-22 01:36:14,"fitur""nya tidak krluar",Negatif,0.5224
Muhammad Rizky Darmawan,5,2026-04-21 12:05:43,Mantab,Netral,0.7692
Bayu Susanto,1,2026-04-21 11:44:41,"dulu sudah bisa login, kok skrg ngga bisa. kode verif ngga kekirim di email. hadeh",Negatif,0.9912
tony k.handoko,5,2026-04-21 11:38:22,bagus,Positif,0.7057
Putu Darwati,5,2026-04-21 09:57:33,sangat bermanfaat,Positif,0.985
Maya K,1,2026-04-21 07:51:03,"udah coba log in pake no Hp. giliran masukin kode Verifikasi tecantum ""sepertinya permintaan anda tidak valid"" padahal udah berkali-kali kirim ulang kode",Negatif,0.9769
Galih Prasetiyo,1,2026-04-21 06:46:41,"aplikasi gajelas, udh login data gadaaa padahal udah vaksin",Negatif,0.9977
Ricky Ardi Kusuma,1,2026-04-21 06:39:02,"cek kesehatan gratis pada saat ulang tahun, tapi hanya bisa cek gula darah, saya juga punya alatnya dirumah-_- udah lama antri-_-",Negatif,0.6764
Akhmad Renaldi,1,2026-04-21 06:30:16,saat memilih lainnya di menu malqh kosong nggak ada pilihan,Negatif,0.8618
Blue Diamond,1,2026-04-21 03:53:00,fiturnya jadi ilang sih,Negatif,0.9953
Djuli Atun,2,2026-04-21 03:29:07,"erorr muluuu, masuk ga bisa2 padahal nomor udh bener TPI dibilang salah mulu",Negatif,0.9974
Irawan ST,5,2026-04-21 03:08:30,"Sangat mendukung untuk pantau kesehatan semua orang, terutama lansia",Positif,0.9901
iman budiman,5,2026-04-21 02:11:44,ok,Negatif,0.993
resti Wahyuni,5,2026-04-21 01:27:03,buat konsultasi enak,Positif,0.9449
Yogi Nova Ardyantok,5,2026-04-20 23:47:30,baik,Positif,0.9268
Raihan Maulana,1,2026-04-20 20:07:00,"sudah bisa login setelah itu mau cari fitur yang lain pas dicari gak ada apa apa yg bisa di akses apapun, terus NIK tidak terbaca saat melengkapi data padahal sudah sesuai",Negatif,0.9934
24-103_DINI AULIYA MULHA,1,2026-04-20 18:06:45,"tidak bisa login, padahal udh login pake email yg berbeda",Negatif,0.942
Abdul Haris,2,2026-04-20 14:48:09,tidak bisa lihat servitikat vaksin COFID 19,Netral,0.9544
Jo Pinang,1,2026-04-20 11:59:51,Makin parah aja. mau lihat sertifikat vaksin. kok GK bisa di buka. cuma gara gara kelahiran salah. sudah di ubah ubah tetap aja GK bisa,Negatif,0.9988
Budi Anur,5,2026-04-20 11:50:55,mantap,Positif,0.9755
Kris Tiono,1,2026-04-20 08:32:00,sertifikat vaksin tidak muncul,Netral,0.9607
Lilis Haryati,5,2026-04-20 06:23:40,Alhamdulillah setiap rutin kontrol ke rmh sakit selalu baik hasilnya,Positif,0.9945
Wisdom Bani,1,2026-04-20 06:09:31,"udah reset pin setelah mau login ga bisa katanya pin salah saya kira saya yang pelupa, ternyata setelah coba berkali2 tetep aja ga bisa, kerja pada ga becus, aplikasi pemerintah sampah",Negatif,0.9982
agus tri nugroho,5,2026-04-20 02:50:04,Dengan adanya satu sehat badan terkontrol.,Positif,0.9288
Wahyu Bagus Setyawan,1,2026-04-20 00:39:56,"aplikasi satu sehat tidak terkoneksi dengan puskesmas di kaimana, malah diarahkan harus pake mobile jkn",Negatif,0.9575
ruchin ruchin,5,2026-04-19 22:35:11,perlu dipertahankan dan ditingkatkan update nya,Positif,0.468
Moh Rofik,5,2026-04-19 14:28:33,Siip,Netral,0.7216
Saidno Saidno,5,2026-04-19 13:09:52,bagus,Positif,0.7057
Nana Karna,5,2026-04-19 12:52:35,Aplikasinya sudah banyak tambahan dan ada pemeriksaan gratis dan bisa memilih apa yg akan diperiksanya...,Netral,0.4952
Ghefira NK,1,2026-04-19 04:27:14,"Sudah punya akun tapi tulisannya PIN salah, sudah ganti PIN tapi tetap salah, coba daftat baru, gabisa, alasannya data sudah ada",Negatif,0.8704
abdurrahim maksum,1,2026-04-19 02:11:21,"mungkin klo ada bintang 0 besar, bisa saya kasih ke rating aplikasinya, krn saya sudah dsuruh login berkali kali dengan kode OTP dan beberapa kali ganti PIN, tapi tetap tidak bisa masuk ke aplikasi,, dengan tulisan ""permintaan anda tidak vakid""",Negatif,0.974
Muji Juanda,1,2026-04-18 16:21:08,link verifikasi kagak bisa,Negatif,0.9823
Pra Naja,1,2026-04-18 16:05:02,"aplikasi apa sih.. login susah amat, muter² di step p8lih tema, udh d lewati ttep.aja g bisa.. g jelas",Negatif,0.991
Yuliana,1,2026-04-18 15:19:02,susah banget mau login aja.mau lihat hasil pemeriksaan aja rumit banget,Negatif,0.9986
lumaksono prarera,1,2026-04-18 11:55:50,gak bisa login padahal uda berapa kali ganti pw gak bisa parah,Negatif,0.9872
HARI BASUKI,5,2026-04-18 05:38:22,Mantap,Positif,0.9893
Aras Muhammad,1,2026-04-18 04:10:56,"sudah dicoba berulang tidak bisa login padahal sudah ubah pasword segala, kayak gak niat buat aplikasi.",Negatif,0.9985
Roni Pane,5,2026-04-18 04:02:27,terbaik,Positif,0.7627
Mulariya Shufiani,5,2026-04-18 03:51:19,sangat membantu untuk wanita karir seperti saya,Positif,0.9805
bil busro,1,2026-04-18 02:29:38,aplikasi kurang bagus,Negatif,0.999
Sang Terindah (Terkasih),1,2026-04-17 23:36:44,"pemeriksaan gratisnya ok dan bermanfaat bagi yg anggota pemeriksaanya penuh dengan senyum,ramah dan tulus dlm bekerja..banyak yg seenaknya melayaninya dan hasilnya asal asalan nulis banyak ygkurang sinkron,tolong dibenahi gratis tp bukan Asal asalan hny kumpulin data penduduk .",Negatif,0.8944
Lis Nuraeni,4,2026-04-17 23:30:35,"sangat bermanfaat untk melakikan sekrining untuk mengetahui kondisi kesehatan kita, dan dapat menitigasi risiko kesehatn",Positif,0.9567
Ani Heryani,5,2026-04-17 22:43:34,pemeriksaan geratia sangat membantu saya terimakasih,Positif,0.9915
Akira,1,2026-04-17 13:57:11,"Tidak bisa login, dan cukup dipersulit saat proses mereset pin. Saya cukup kecewa, semoga segera diperbaiki",Negatif,0.9985
Bilal Gorbii Ibrahim,5,2026-04-17 12:41:42,Bisa Cek Kesehatan Gratis di Puskesmas Terdekat,Netral,0.9649
Putra _Tv,1,2026-04-17 09:16:54,ini aplikasi si gimana ? udah buat akun udah berhasil kok engga bisa login aneh,Negatif,0.9943
Muh Khoirudin,4,2026-04-17 07:14:10,tidak bisa login aplikasi satu sehat mobile ( pin tidak sesuai ) mhon bantuannya,Netral,0.8758
sunar Wanti,5,2026-04-17 04:13:55,sangat membantu,Positif,0.9828
Nazahah Indallah,1,2026-04-17 03:46:32,"Gimana si sistemnya? udah daftar trs bikin pin, pas mau masuk trs masukin pinnya malah ga bisa, gimana nih.",Negatif,0.9963
Bambang Basri,5,2026-04-16 23:39:02,Aplikasi yang bermanfaat dan sangat berguna dikurun usia dewasa dan menjelang lansia.,Positif,0.8986
Sjoekoer Dalmasca,1,2026-04-16 21:19:08,"masuk akun disurih masukin pin permintaan tidak valid, lupa pin ganti pin baru dan coba masuk lagi masih tidak valid, niat ga sih bikin sehat",Negatif,0.9885
yulia marini,1,2026-04-16 07:46:29,"download aplikasi ini karena buat liat rapor kesehatan, langsung masuk notifikasi transaksi kalau CC ke debet otomatis limitnya gila ni",Negatif,0.8083
Yanti Puspita,5,2026-04-16 03:59:02,aku dulu sudh vaksin 3 kali kenapa data aku tidK tersedia kalau aku sudh vaksin??,Negatif,0.9339
Dea Rian Novanda Parinduri,1,2026-04-16 03:53:41,"gak bisa daftar, saat mau verif wa gak bisa link gak connect",Negatif,0.9392
arif sugianto,1,2026-04-16 02:42:40,Aplikasi sampah. saat minta pun baru pertama kali tidak muncul background angka yang sudah di tap. pada kolom PIN juga tidak muncul akhirnya ga tau angka berapa yang sudah masuk jadi PIN. Setelah masuk mau perbarui info data diri harus masukkan PIN. PIN lupa akhirnya reset PIN. Saat reset PIN sudah input satu angka 6 kali berturut-turut agar mudah dan minim typo. Lalu masuk pakai PIN baru 6 angka berturut tersebut masih diidentifikasi PIN salah.,Negatif,0.992
Riski,1,2026-04-16 02:17:16,aplikasi sangat baguss,Positif,0.9983
Adhe Yusuf,1,2026-04-16 01:54:01,"kocak lu orang diwajibin pake ini, udah reset pin berkali-kali tetep aja invalid, yang bener kalo bikin aplikasi",Negatif,0.9969
achmad hidayat,1,2026-04-16 01:17:09,aplikasi pemerintah tolol,Negatif,0.6828
Sri lestari,5,2026-04-15 22:39:50,"baik untuk kita lebih tahu tentang kesehatan kita,",Positif,0.7695
Engkus,5,2026-04-15 22:22:56,ajib bener,Negatif,0.4841
Metta Apriyana,1,2026-04-15 21:30:08,mau daftar aja gagal terus. katanya kode verifikasi tidak dapat dikirim. heran. aplikasi yg sangat tidak memudahkan warganya,Negatif,0.999
Satio Kismoko S,5,2026-04-15 17:12:01,"Aplikasi sangat berguna utk kesehatan, dan bisa kontrol dan daftar dari aplikasi ini, terima kasih",Positif,0.9809
Rlla Jnayngsh,1,2026-04-15 15:25:29,aapan sih gak jelas banget segala hal bisa eror eror segala upgrade lagi lah,Negatif,0.999
Amelia D'saputri,1,2026-04-15 13:43:10,kenapa tidak bisa login,Negatif,0.6616
Andhie Arrankaru,1,2026-04-15 13:33:01,sudah punya akun dan sudah berhasil masuk. tp setelah keluar gak bisa login lagi.alasan permintaan tidak valid.data di perbarui harus nunggu 24 jam.ribet amad..server down apa gimana si,Negatif,0.9969
Nia Jeno,1,2026-04-15 13:18:41,"aplikasi tidak jelas, saya mau mendaftar dengan nomor tlp dan email tetap tdk bisa verifikasi, semua sudah saya cek ulang tntg data saya, dan itu benar semua, saya juga tidak pernah mendaftar sebelumnya. bagaimana ini? saya jdi susah untuk membuat surat vaksin untuk melamar kerja",Negatif,0.9965
r3sti ana,5,2026-04-15 10:49:30,baik,Positif,0.9268
Wiwik Anggriani,4,2026-04-15 08:25:13,sejauh ini baik tidak ada masalah dalam penggunaan aplikasi. lebih diperbanyak lagi fitur nya,Positif,0.9837
Mohamad Roikhan,1,2026-04-15 08:23:54,Aplikasi jembot ga bisa di buka mmk,Negatif,0.9631
Muhamad Mufit,1,2026-04-15 07:21:35,kenapa tidak bisa buat akun verifikasi nya g masukkan,Negatif,0.7523
Sukamsa 02,5,2026-04-15 06:56:15,pelayanan sangat memuaskan,Positif,0.9974
rahadi putro,5,2026-04-15 04:59:00,sangat bagus,Positif,0.9966
Yuli Anti,5,2026-04-15 04:56:26,Bagus🙏👍,Positif,0.9896
praditya tijani,2,2026-04-15 04:49:42,"mau daftar tapi ga bisa kirim verifikasi, kirain bug, ternyata emg aplikasi cct",Negatif,0.892
Margono Sby,5,2026-04-15 03:22:16,bermanfaat,Positif,0.848
trihartoko Aji,5,2026-04-15 03:06:38,bagus,Positif,0.7057
MUHAMAD RIDWAN,2,2026-04-15 02:20:37,"padahal no hp sudah 12 digit,tapi tetep aja minta lagi no, terus pekerjaan pelajar susah ngisi di bagian jenjang,mau nambah CKG anak susah banget",Negatif,0.9963
Ady Subagyo,5,2026-04-15 01:52:07,sangat puas,Positif,0.9912
22_ Putu Elin Pratistha,1,2026-04-14 12:42:55,"selalu gagal tiap login padahal udah bener data data yang dikasik, udah coba juga reset passwoard dan ganti email tetep juga ga bisa login",Negatif,0.9904
A. Prasongko,1,2026-04-14 11:30:11,"Tidak bisa daftar, keterangan no hp maksimal 12 digit. ganti via email jg sama. daftar via ikd error.",Negatif,0.9475
Azriel Faturrohman,1,2026-04-14 10:30:17,"aplikasi ga jelas buat login susahnya minta ampun, padahal sudah sesuai data yang di input tetapi ada aja masalahnya, ya tidak valid sandinya lah padahal sesuai dengan sandi yang sudah dibuat",Negatif,0.9966
febri nainggolan,1,2026-04-14 07:02:53,"aplikasi gak jelas kita daftar selalu nomor hp kurang, padahal sudah 12, aplikasi geblek bikin emosi.",Negatif,0.9977
Adipur99,5,2026-04-14 05:54:55,puaas....trims,Positif,0.6959
Djoni Karter,5,2026-04-14 03:54:58,baik,Positif,0.9268
Arie AB Lumintu,5,2026-04-14 03:14:39,ok,Negatif,0.993
Alvan Walker,1,2026-04-14 03:02:30,"gabisa masuk pake nik digital, gabisa daftar pake email atau no.telepon lu bikin aplikasi beginian niat ga sih?",Negatif,0.9854
Alwi Hamdani,1,2026-04-14 01:33:51,"kenapa total g bisa di buka ya , adahal sandi sudah di ubah trus tetep saja ga valid aplikasi sbelumnya Masi ok pacar , skarang mah masuk akun nya aja g bisa",Negatif,0.9873
Dedi Septiadi,1,2026-04-14 01:08:53,Info tidak bisa untuk mendaftar,Netral,0.9513
Anggi Afi,1,2026-04-14 00:33:19,Sudah punya akun dari lama sejak zaman covid semenjak berubah nama akun menjadi satu sehat mau login malah susah banget. paraaah,Negatif,0.9982
mashuri umpo,3,2026-04-14 00:11:45,dengam aplikasi online lebih efektif dan pelayanan yg cepat dan efesien dan pleksibel. dengan aplikasi online akan merepotkan dan jadi brban bagi yg tdk.bisa it.,Positif,0.7007
liendra cute,5,2026-04-13 16:40:13,bagus. bermanfaat,Positif,0.9703
rimba alamsyah,1,2026-04-13 16:22:25,aplikasi ga guna ga jelas banyak yang ga bisa di akses,Negatif,0.9976
Gt. Puspa Nadia Wardani,5,2026-04-13 15:43:59,sangat membantu pada saat perjalanan umroh dan haji krn menjadi syarat perjalanan ibadah.,Positif,0.9732
Rofieq Ainur,1,2026-04-13 15:27:56,"para si aplikasi ini mau daftar aja gak bisa tertera nomor harus tidak lebih dari 12 digit, padahal nomor sudah benar",Negatif,0.998
King Of Multiverse,1,2026-04-13 12:40:57,"pengen daftar tapi ada yg aneh pas isi nomor telepon harus dua belas digit tapi nomor gue cuma sebelas kalo gue isi awalan 0 kagak bisa karena udah ada 62 jadi gue isi langsung awalan 8 tapi cuman sebelas digit, kacau dah",Negatif,0.9951
Dewi Lufiani,5,2026-04-13 11:45:57,mantap ntuk pelayanannya cepatkebersihannya baik,Positif,0.9988
Muhammad Arpan,1,2026-04-13 11:32:11,"kenapa susah amat mau daftarnya? NIK belum sesuai terus? pin salah terus, no hp sudah terdaftar, email sudah terdaftar, nggak bisa verifikasi by wa, trus gmn ini?",Negatif,0.9971
Bu Maisaroh,5,2026-04-13 09:59:18,sangat membantu,Positif,0.9828
Simas Weleri,5,2026-04-13 07:51:05,satu sehat mantap,Positif,0.9924
Wahyu Ariyanto,5,2026-04-13 07:21:30,pelayanan baik dan cepat,Positif,0.9944
Riena Azzahra,1,2026-04-13 07:12:30,"gimana sih, baru aja mau daftar, suruh masukin nomer, giliran dimasukin nomernya ""nomer 12 digit"", lah XL cuma 11 digit (tanpa nol didepan), giliran pake email suruh tetep ngisi nomor, balik ngisi nomor lagi, coba ditambahin satu nomor tetep "" nomer 12 digit""... gg jelas banget",Negatif,0.9969
Wari ati,4,2026-04-13 06:04:35,semoga semakin baik lagi,Positif,0.9766
Erinus Lasa,5,2026-04-13 05:16:17,sangat bagus dan membantu masyarakat,Positif,0.9963
Matahar Mardjuk,5,2026-04-13 04:44:48,sangat membantu,Positif,0.9828
kangmas pidin,5,2026-04-13 04:44:40,Saya sekarang cek kesehatan gratis di Kantor Setda Kab.Tegal.... tp sblmnya pada tanggal 9 april saya dapat WA Kemenkes yang memberitahukan bahwa saya sudah melakukan CKG pada Puskesmas Kesambi Margasari padahal saya tidak pernah melakukanya. kok bisa yah data saya sudah ada padahal tidak pernah CKG,Negatif,0.9822
Kisan Show,3,2026-04-13 04:41:33,"ga bisa masuk udah di coba pakai no hp dan email masih aja error no hp harus 12 padahal udah bener, terus ganti ke email malah sama tidak bener juga",Negatif,0.9943
planktonn 1914,1,2026-04-13 04:28:41,kenapa pas saya login di aplikasi ini selalu gabisa dan permintaan anda tidak valid padahal tahun kemarin pas saya login gampang²aja ga sesusah ini tolong dong di perbaiki jangan semakin kesini semakin susah bukan gampang,Negatif,0.994
Samsudin,5,2026-04-13 02:43:56,josjis,Negatif,0.7807
warda indarwanto,3,2026-04-13 02:40:56,sangat bagus,Positif,0.9966
Tee Andayani,1,2026-04-13 01:59:58,"saya mau melaksanakan tes kesehatan gratis. sudah daftar by app. tapi waktu hari H sampai di puskesmas, sistem down dan tidak ada solusi. hanya disuruh kembali kapan-kapan saja. termasuk app juga mendadak tdk bisa login. saya yg awalnya excited ingin mencoba fasilitas pemerintah jadi semakin skeptis.",Negatif,0.9968
Echa Salsabila,4,2026-04-13 01:39:31,"min ini daftar nomernya gimna, saya daftar gabisa bisa kira kira knpa yah maksimal 12 nomer sedangan nomer yg tercatat kn 11 nomer saja",Negatif,0.835
Frederik Tielman,5,2026-04-13 00:08:21,sangat membantu,Positif,0.9828
Jendra Taruna,1,2026-04-12 19:55:18,"aplikasi apaan ini, buat masuk gabisa daftar lagi ga bisa muter muter aja giliran ada kodenya ada notif masukan kode yg benar",Negatif,0.983
Lie Tjihun,5,2026-04-12 15:36:37,status kesehatan diri,Negatif,0.5284
Muhammad Afif,2,2026-04-12 13:29:28,"UI bagus, cuma masalah tiao kli buka aplikasi setelah gk dipke bbrapa hari malah disuruh login lgi, dan skrg aplikasi gk bsa dipke gtw knp",Negatif,0.77
Desty Ritzi,1,2026-04-12 12:04:57,"SANGAT BURUK. NGISI DG DETAIL BENAR NOTIF NOPR MAX 12DGIT, PDHAL NOPE SDH BENAR YG DIMSUKAN CMAN 11 DGIT. LWAT KEPENDUDUKAN APK JUGA MUTER AJA. WOOOIII PEM. JGAN KBNYAKAN OMONG KSOONG YG GAK ADA FAEDAHNYA.",Negatif,0.9618
Mima Quinn,2,2026-04-12 07:20:18,"pelajar disuruh daftarin pake aplikasi kalau mau CKG disekolah. tapi Aplikasinya masih mentahh, di klik gabisa,loading parah, sampe emosii nunggu lama banget masih belom bisa2. dibenerin dulu aplikasinya, baru di terapkan.",Negatif,0.9974
Manan,1,2026-04-12 04:47:13,ini saya nomor hp lama cuma bisa isi 11 karena 0 nya di hilangkan dari aplikasi jadi gk bisa daftar tolong di perbaiki,Netral,0.7137
Sudirman Silegar,1,2026-04-12 03:47:16,"aplikasi ini aneh, padahal mau daftar malah ga bisa karena no telp kurang dari 12 digit , jadi bingung saya sama ini aplikasi bukan nya mempermudah malah tambah di persulit",Negatif,0.9991
ARNAN JAYA,5,2026-04-12 03:40:15,Alhamdulillah Semoga selalu membawa manfaat dan kemudahan,Positif,0.9793
Frans Bram,1,2026-04-11 12:51:08,mengapa daftar pakai nomor telepon tidak bisa ???,Negatif,0.9528
Sumarni Waode,5,2026-04-11 09:23:26,"aplikasi ini sangat berguna bagi saya pribadi, karena kita dapat melihat hasil pemeriksaan medis yg telah kita lakukan",Positif,0.9409
marliah,1,2026-04-11 06:15:55,"aplikasi buruk, mau daftar sudah mengikuti arahan malah masalah d nomor telepon pdhl nomor telepon sudah benar",Negatif,0.9986
Niqriesa Niqriesa,1,2026-04-11 06:13:11,gjls bgttt baru mau daftar gk bisa katanya nomor HP salahh udah sampe diulang salah.,Negatif,0.9968
Novembriani Telaumbanua,1,2026-04-11 04:22:12,"aplikasi pemerintah ngga ada yang bagus menurutku sejauh ini ribet semua entah itu verifikasi, nomor hp kok gitu banget dah apk nya",Negatif,0.9988
aldy nurdiansyah,2,2026-04-11 04:09:14,sertifikat vaksinnya ga bisa di unduh,Negatif,0.9699
Andy Cepper,3,2026-04-11 03:10:26,"ga bisa daftar tulisanya nomer hp maksimal 12 digit padahal sudah nulis bener dan diganti pakai email juga tulisanya sama ""nomer hp maksimal 12digit""",Negatif,0.9078
Umi Solikah,3,2026-04-10 12:13:41,Bagus untuk pemeriksaan,Netral,0.8557
Marha Mach,5,2026-04-10 01:51:44,Sangat bagus untuk membantu mengontrol kondisi kesehatan kita,Positif,0.9959
Eky Aditya,5,2026-04-10 00:00:42,bagus,Positif,0.7057
21 Alfian,2,2026-04-09 13:43:33,tolong diperbaiki lagi masih ada bug dimana saya ngisi tanggal lahir bulan serta tahun sesuai namun tetap saja salah dan saat ingin diganti tidak bisa sama sekali sehingga saya tidak dapat mengikuti screening kesehatan karena data lahir salah.,Negatif,0.9644
Agus Wibowo,1,2026-04-09 12:03:37,"Aplikasi Ampas, fix in dulu",Netral,0.6585
Ismail Mail,1,2026-04-09 10:20:42,gimana ini nggak bisa login login Mulu tolong tanggapi min,Negatif,0.9749
taufik M.taufik,3,2026-04-09 08:43:35,Alhamdulillah sangat membantu dg ada nya APK seperti SATUSEHAT ini👍,Positif,0.9943
finn wolfhardid,1,2026-04-09 05:47:06,suka nge hang apk ny,Negatif,0.7187
Betty Sukmawati,5,2026-04-09 05:18:50,terimakasih sdh ada program dari pemerintah,Netral,0.8624
Herlangga Saputra66,5,2026-04-09 03:59:22,baik,Positif,0.9268
Robby Sompie,5,2026-04-09 03:28:55,"Pelayanan baik,terimakasih",Positif,0.9905
prasetya agri,1,2026-04-09 03:13:12,"pin udah berhasil di ganti. di masukin no dan pin, tidak valid terus. oke, saya hapus. karna sistem aplikasi ny ga bener",Negatif,0.9886
Imam Hidayat,5,2026-04-09 03:00:34,sangat baik,Positif,0.99
liza ismawati,5,2026-04-09 02:00:53,bagus,Positif,0.7057
hafidz mcd,5,2026-04-08 23:48:39,Sangat membantu untuk menjaga kesehatan..,Positif,0.9956
dwi wahini,1,2026-04-08 13:56:34,bagus membantu.tapi saat ini kami mau simpan klik lokasi gk bisa muncul apa memang lagi error aplikasinya.trimakasih,Negatif,0.9302
Sulaiman Ajah,1,2026-04-08 11:24:24,"saya tidak pernah mendaftar untuk CKG sebelumnya. Saat ini baru mau mendaftar dan tau-tau sudah terdaftar tapi tanggalnya sudah terlewat. Mau ubah tanggal malah gak bisa, katanya disuruh cek tahun depan aja. Bagaimana ini solusinya?",Negatif,0.9868
James Saerang,5,2026-04-08 11:23:02,"Sejauh saya menggunakan Fasilitas ini Cukup dan Sangat membantu sekali, trimakasih 🙏😇",Positif,0.9792
Hendra Ramadhani Setiawan,1,2026-04-08 09:02:48,"akun sudah lama punya, setelah update terbaru malah gak bisa login, selalu notifikasi nya ""Permintaan tidak valid"". sudah lupa password,lupa akun,setelah berhasil reset tetap aja gak bisa login.",Negatif,0.9885
Mz-dean,1,2026-04-08 04:22:22,"susah ga bisa login, pake no hp kode otp ga masuk masuk",Negatif,0.9833
MSi. Sutarno,5,2026-04-08 01:18:58,oke,Negatif,0.9073
Hamzah Setya,5,2026-04-07 15:42:27,aplikasi sangat berguna,Positif,0.9592
muhammad fadhil,5,2026-04-07 13:02:03,mantap,Positif,0.9755
Sumita Siburian,3,2026-04-07 10:17:18,bagus,Positif,0.7057
Gigih Nofie,5,2026-04-07 03:52:48,Top,Positif,0.9298
fitriadi Kutai,5,2026-04-07 02:40:23,selama ini tidak ada masalah cuma ini kenapa ada kendala ketika memasukkan hasil cek gula darah tidak mau terinput. sedangkan utk kolesterol dan asam urat tidak ada masalah. selebihnya mantap dan bermanfaat utk cek kesehatan setiap bulan,Positif,0.9954
Rere tata,5,2026-04-07 01:32:16,lebih mudah,Positif,0.6502
Emil Dorna,1,2026-04-06 15:46:23,"GAK GUNA, UDAH TES KESAHATAN DARI TAHUN LALU, SAMPE SEKARANG GK ADA HASILNYA.",Negatif,0.9876
Rosmery Sinaga,5,2026-04-06 08:42:47,"Pemeriksaan gratis sdh sangat bagus dan sangat bermanfaat, semua pemeriksaan lancar, tdk ada masalah. Trimakasih utk pemerintah sdh mengadakan program ini.",Positif,0.9951
Muhamad Kohid,1,2026-04-06 05:58:32,no telpon saya lupa suru di ingetin mana inget coba aneh percuma ini gk bisa login dengan cara apapun bantuan tidak ada. jelek bngt,Negatif,0.9989
Zai Nudin,5,2026-04-06 04:38:51,pelayanan ramah cepat dan tanggap terima kasih para abdi masyarakat di puskesmas satelit..,Positif,0.9922
Ivan Spt,5,2026-04-06 04:20:20,semoga kedepannya semakin lancar,Positif,0.9178
muryati ragil,5,2026-04-06 04:12:53,trimakasih kegiatan ini bagus untuk mengecek secara dini gangguan yg dialami,Positif,0.9741
Triska,5,2026-04-06 03:41:11,utk catatan kesehatan pribadi sangat membantu,Positif,0.9703
Novel Horror Official,3,2026-04-06 00:47:03,tolong untuk waktu tunggu nya jangan 5 menit! 1 menit cukup oke... nyusahin ngerti ga!?,Negatif,0.9983
made sekarini,5,2026-04-05 14:26:28,Sangat memuaskan. pelayanannya Prima,Positif,0.9952
Heriyadi Heri,1,2026-04-05 10:17:00,"aplikasi gak jelas, gak guna",Negatif,0.9966
hendrawan halim,1,2026-04-04 17:44:31,"ngga bisa masuk,ketik no pin gagal terus.coba lupa pin setelah bikin baru,tetap ngga bisa masuk bilangnya pin salah",Negatif,0.9859
Abdur Rouf,1,2026-04-04 13:00:18,sussah untuk login,Netral,0.9564
Emi Munawaroh,5,2026-04-04 11:32:52,Sangat membantu dan bermanfaat,Positif,0.9809
samiyono rayya,5,2026-04-04 05:57:35,ok,Negatif,0.993
Bintang Timur Baihaqi,1,2026-04-03 23:57:19,"saya mau cek sertifikat vaksin, tapi setiap login saya tidak bisa masuk dengan alasan ""sepertinya permintaan anda tidak valid""",Negatif,0.8646
VideeLL KebHie,2,2026-04-03 11:26:14,HP saya sudah tidak bisa update lagi.,Negatif,0.9849
Puji Hariyadi,5,2026-04-03 09:24:40,rekomendasi,Netral,0.72
John So (KHAN),5,2026-04-03 07:48:55,baik,Positif,0.9268
Ai Fatimah krw,4,2026-04-03 03:12:39,"setelah cek ckg tidak lama dpt info, lanjutkan",Netral,0.9475
Wiwid Wati,5,2026-04-02 04:50:46,good,Positif,0.7423
Arief Muhammad,1,2026-04-02 02:23:43,apk eror,Negatif,0.9875
Andrik TV,1,2026-04-02 01:28:06,Banyak Bug,Negatif,0.9927
dwi andi oktavianus,1,2026-04-02 00:53:09,"terlalu banyak kendala, ada menu sinkron dg IKD tp tidak bisa, login dg data yang sdh ada tp tertolak, reset pin sudah tetap tidak bisa login",Negatif,0.9155
Jousafe Andi Christiann (joussafe.e),5,2026-04-01 12:26:38,GOODLUCK EVERY BODY🇦🇺🇦🇺,Negatif,0.7501
budi hartanto,5,2026-04-01 08:52:36,selalu update info nya,Positif,0.8639
Tutty Frutty Handmade,1,2026-04-01 06:56:41,"[sudah isi link formulir keluhan tapi tidak ada tanggapan]. saya belum daftar CKG kenapa sudah keluar hasil rapornya? tinggi badan saya 153cm di rapor 160cm? punya siapa itu? ulasan hanya dibalas otomatis, sangat buruk aplikasinya.",Negatif,0.999
Poerwanto Iwan,1,2026-04-01 06:05:11,"Aplikasi error, tidak bisa menambahkan catatan kesehatan gula darah, bahkan data yg sudah ada malah hilang.",Negatif,0.997
Mamas_ Rozy,1,2026-04-01 05:44:00,"JELEK RIBET BANGET ,SUSAH BANGET BANYAK BUG",Negatif,0.9977
Dewangga Putra,1,2026-04-01 04:23:04,di ganti pin gabisa,Negatif,0.9053
Uswatun Khasanah,4,2026-04-01 02:19:10,baik untuk mengukur kesehatan,Netral,0.7851
Hananto Sudarsono,5,2026-03-31 22:56:59,Aplikasi bagus,Positif,0.9968
Asmani Rahmola,5,2026-03-31 21:18:24,dengan adanya ini menjadi lebih tau tentang info kesehatan,Positif,0.9206
Berina Pasaribu,4,2026-03-31 17:03:47,"Saya sudah pernah vaksin meningitis, vaksin flu saat akan berangkat Haji pada Tahun 2024 tetapi tidak tampil di sertifikat vaksin.",Negatif,0.8482
hedi hidaya,4,2026-03-31 10:32:58,baik menyenangkan,Positif,0.8888
Nur Janah,5,2026-03-31 00:11:25,memuaskan,Negatif,0.6092
Arya Satrianata,1,2026-03-30 14:27:45,Tolong sistemnya di perpaiki saya mau unduh sertifikat vaksin saya tidak bisa coba lagi coba lgi keterangan nya,Negatif,0.9174
Elvira Puspitasari,1,2026-03-30 13:30:35,tidak bisa dibuka,Negatif,0.5155
Diah Fauziah,1,2026-03-30 12:23:57,kenapa data saya tidak bisa untuk daftar cek kesehatan tidak bisa du submit karena nik tdk sesuai padahal sudah sesuai,Negatif,0.698
Wayan Suartina,5,2026-03-30 08:00:52,"Dengan pelayanan yang ramah , dan peralatan medis yg memadai dsn bersih ,saya merasa nyaman dan puas...top ok untuk puskesmas kuta II. Suksma...",Positif,0.9983
Rengas Bintaro,5,2026-03-30 06:39:55,Lumayan bagus Satu sehat,Positif,0.9974
Yessy Lola,1,2026-03-30 02:04:30,"saya pertama kali melakukan Cek Kesehatan Gratis dalam rangka ulang tahun.Tapi dilembar hasil pada di pos terakhir banyak salah dan ngawur. Saya sedang tidak sakit telinga tapi di hasil jd sakit telinga, mata saya minus tapi hasilnya di anggap normal saja diinfokan dari nakes yg mengisi skrining. saat ditanyain pun sangat minim atau beberapa saja. banyak tes yg di skip alias tidak ada tes sama sekali tetapi di hasil dinyatakan normal. seperti skirining sendiri jawab sendiri.Gak guna jadinya",Negatif,0.9963
Alfiansyah,3,2026-03-29 22:48:00,"Maaf sebelumnya, saya mau tanya.. kenapa fitur catat gula darah selalu gagal dan tidak bisa diakses? mohon diperbaiki jika ada masalah agar kami penggunaka satu sehat merasa nyaman. Terimakasih",Netral,0.5897
Tri Kustianingsih,5,2026-03-28 21:54:23,sangat bermanfaat,Positif,0.985
Mbot Singo,1,2026-03-28 15:05:28,mau login dari kemarin gak bisa,Negatif,0.5996
Mrs Celline,1,2026-03-28 13:07:51,ga bisa login terus,Netral,0.98
Andy Goeltoem,5,2026-03-28 03:40:17,sangat bgs Sekali,Positif,0.7454
Wali Agung,5,2026-03-27 04:37:39,top,Positif,0.5341
Dewi Nurhayati,5,2026-03-27 04:19:53,sangat membantu sekali dngn adanya aplikasi SATUSEHAT ini 👍👍👍,Positif,0.9937
Gogot Sugianto,5,2026-03-27 00:59:46,"mantap,",Positif,0.9555
Jonara Joutaro,1,2026-03-26 01:42:59,"gabisa login, password dah diganti, sampai dicoba login jam sepi juga masih tulisannya permintaan anda tidak valid, aplikasi nya diperbaiki dong!! masa aplikasi untuk kepentingan administrasi dalam negri begini😮‍💨",Negatif,0.9985
Azuz Onazi,5,2026-03-25 08:01:41,sangat membantu khususnya bagi saya yang selalu ingin sehat dan bugar serta seimbang dalam tatanan tubuhnya,Positif,0.9869
marwanto,5,2026-03-25 04:44:33,mantap,Positif,0.9755
Pratama,1,2026-03-25 04:37:29,"data catatan kesehatan yang di isi mandiri, kalau ada ter log out jadi hilang, tidak tersimpan, mengecewakan",Negatif,0.9685
Nur Hyahyono,5,2026-03-25 02:26:26,Bagus,Positif,0.9916
Jusa Junius,5,2026-03-25 00:44:18,So far so good lah,Positif,0.8389
Rian Setiawan,1,2026-03-24 15:18:58,"Di coba tidak bisa, lupa pin tapi gak masuk- masuk padahal sudah berhasil ubah pin",Negatif,0.7558
Tigor Napitupulu,5,2026-03-24 08:41:03,Hebat Super sekali 😎,Positif,0.8418
Saptono Eko,3,2026-03-24 01:43:21,Sdh di update jadi tidak bisa di buka bagaimana ini ?,Negatif,0.8961
Isna Nurrrohma,2,2026-03-24 01:20:39,"udah punya akun kenapa saya gak bisa masuk ke akun saya, tulisan nomor sudah digunakan terus, pas masukin pin salah terus padahal udah bner. saya sampe ganti pin beberapa kali salah terus pas mau login",Negatif,0.9894
Fery Setyawan,1,2026-03-23 22:58:07,tidak bisa connect ikd!!!,Negatif,0.9749
Tommy Tri Saputra (Tom),4,2026-03-23 11:54:10,"Berhubung di reply, ada bug pada opsi login menggunakan app ""Identitas Kependudukan Digital"", tolong di periksa",Netral,0.8367
sterlie malonda,5,2026-03-22 10:40:08,sangat baik,Positif,0.99
Agus Chandra,1,2026-03-22 01:48:52,iya gak bisa login.. isi kode OTP udah bener masih aja permintaan tidak valid.. hadeh..,Negatif,0.9968
I Made Aryana,5,2026-03-21 19:01:49,dapat mengetahui keadaan kesehatan kita di hp secara online 👍🙏,Netral,0.9785
Samto Pramono,5,2026-03-21 17:36:07,excellent banget,Positif,0.7638
TK,1,2026-03-21 10:24:09,udah enggak bisa dipakai,Negatif,0.9737
Feni Rose,1,2026-03-20 09:06:10,Jelek sekali! Gak bisa login sama sekali! Bikin aplikasi gak becus!,Negatif,0.9995
Andi C,1,2026-03-19 00:46:54,point hilang,Netral,0.7635
Anisa Apoteker,5,2026-03-18 20:12:03,bagus,Positif,0.7057
Life and repeat,1,2026-03-18 13:20:45,"tidak bisa masuk aplikasi, pin notif selalu salah padahal sudah reset pin berkali-kali",Negatif,0.9535
D Y,1,2026-03-18 07:34:15,"nggak jelas. pin saya salah terus. sudah ganti pin, sudah saya masukan semua data. lah kalau urgent gimana? keburu lewat.",Negatif,0.9983
Sarma T,5,2026-03-18 04:50:39,kreatif dan inovatif,Netral,0.6939
Hardoyo Purwono,5,2026-03-17 21:33:23,terima kasih tuk progam cek kesehatan gratisnya. bermanfaat sekali. ini tiap tahun kan ya?,Positif,0.9699
SRI MARYATI,5,2026-03-17 21:24:14,terbaik,Positif,0.7627
Rahima Nur Saputri,4,2026-03-17 12:15:00,Bgusssss,Negatif,0.7253
Valenciene Veronika,1,2026-03-17 05:05:16,"SUDAH ADA JKN KENAPA MASIH PAKAI SATU SEHAT DAN JUGA, MALAH RIBET APLIKASINYA. MALAH GAK BISA DI HAPUS AKUN. MEMORY HP JADI PENUH KARENA APLIKASI DOUBLE",Negatif,0.9937
Faizah -,1,2026-03-17 01:39:25,permintaan anda tidak valid. tidak bisa login,Negatif,0.9902
Rumah Tenun,5,2026-03-17 00:01:02,Terbaik.,Positif,0.6214
Nopertus Madai,5,2026-03-16 23:36:34,setuju menjadi tanggung jawab kesehatan di satu sehat,Netral,0.7925
Puput,2,2026-03-16 21:23:39,"boro² login, aplikasi di klik tok loading lamaaaa. udah nunggu lama malah blank",Negatif,0.9988
Rubianto Jepara,5,2026-03-16 20:58:43,"point ,/rewodnya di lanjut ya kak",Netral,0.9846
Jehny Chrisna,5,2026-03-16 15:38:42,"bisa berkomunikasi dg pihak kesehatan. karena sy baru buka, aktifkan hp.. pendaftaran untuk pemeriksaan kesehatan, saya tunda - daftar ulang ssdh idulfitr i (mengisi form) - tksh",Netral,0.8759
Iwan Hermawan,1,2026-03-16 14:54:23,Parah habis noh aplilas1nya...login ga bisa2 jelas2 password dh bener...forget pass sdh masukin otp error mulu keterangan permintaan tidak valid...ngaco nih dh pasti...paraaah2....pliss atuh...jgn ngawur gini..,Negatif,0.9994
Tuti Alawiyah,5,2026-03-16 10:11:51,sangat membantu untuk mengetahui kondisi kesehatan,Positif,0.9548
Rangga Leonard,1,2026-03-16 04:58:32,"Ini masih bermasalah, saya mau ubah ke bahasa Inggris gak bisa malah masih muncul bahasa Indonesia. Terus juga kalo sinyal hilang ini sangat riskan sekali hanya untuk masuk bioskop / mal saja sudah susah sekali Masih jadi masalah sampai sekarang dan saya tidak bisa masuk ke akun SatuSehat",Negatif,0.9962
Ani Susetyowati,5,2026-03-16 04:15:50,sangat membantu,Positif,0.9828
Wulan Siti sarah,1,2026-03-15 19:14:11,kenapa ga bisa melakukan pendaftaran padahal blm pernah cek kesehatan sama sekali malah udh ada skrining nya,Negatif,0.9374
Endang Supraptini,5,2026-03-15 04:32:49,sangat membantu dalam menjaga kesehatan,Positif,0.9943
Bapak “Kang dedi” Aing,2,2026-03-14 19:49:16,kenapa aplikasi satu sehat waktu dibuka keluar sendiri aplikasinya,Negatif,0.8938
frenky imanuel,5,2026-03-14 02:48:37,pelayanan yg baik,Positif,0.9772
Embun Diarsih,5,2026-03-14 00:45:26,sangat membantu kami yang keterbatasan biaya untuk pengobatan,Positif,0.9831
Rochmat Ajiantoro,1,2026-03-13 22:48:41,"bintang -1 kalo bisa. ngga bisa login, sudah bolak balik lupa pasword. sudah verifikasi. mau login tetep salah pasword terus. sistem ngga guna",Negatif,0.9949
Michael Hendri,1,2026-03-13 14:29:35,jujur saya sudah beberapa kali daftar dan masuk kembali tetap tidak bisa dengan alasan pin salah dan saya ganti tetap sama tidak bisa masuk. tolong dong arahannya apakah aplikasi ini bisa di gunakan apa tidak. seharusnya aplukasi ini membantu masyarakat untuk mendapatkan data dan informasi malah membuat ribet bolak balik untuk masuk aplikasinya,Negatif,0.9915
Ali Karomi,5,2026-03-13 01:29:12,sangat membantu praktis mudah di pahami,Positif,0.9877
musa alb,2,2026-03-12 07:43:12,"Pada saat akan mendownload sertifikat vaksin covid, malah tidak bisa terus dan error terus Soalnya segera butuh ini, tolong segera perbaiki",Negatif,0.9905
Sri Suryaningsih,5,2026-03-12 06:29:41,pelaksanakan cek kesehatan berlangsung baik,Positif,0.9065
PANCING DUA ALAM,1,2026-03-12 05:10:03,sekarang dah jadi ocleh malah susah log in aja gak bisa terus,Negatif,0.9988
kailaa adit official,5,2026-03-12 01:21:41,baik,Positif,0.9268
Sunarwi Blitar,5,2026-03-12 00:53:09,"maaf, msh bingung dgn data2 yg hrs di isi waktu mau mengambil nomer antrian berobat di rumah sakit/puskesmas",Negatif,0.6822
bambangs960,4,2026-03-11 12:19:26,"saat aku lupa pin utk pengiriman code bisa tapi opsi utk inputnya tidak ada , aneh ya",Negatif,0.9805
Hilman Irshadi,1,2026-03-11 09:17:33,"please lah gak ada perubahan. ini mau log in gabisa terus. tulisan pin salah yang udh jelas2 bener. udh coba lupa pin dan buat ulang terus giliran mau log in, tulisannya sama pin salah. emg sepikun itu baru 1 menit buat pin langsung lupa? yang buat sistem kerja yang bener dong ahh udah seminggu gini terus",Negatif,0.9977
Habib Ghoni,1,2026-03-11 05:20:12,adanya cuma mempersulit,Negatif,0.9937
Agus Sumarwanta,5,2026-03-11 03:46:52,praktis dan membantu sekali,Positif,0.9881
Rahman Emon,1,2026-03-10 20:47:02,aplikasi ga berguna dan tidak bisa daftar SMA sekali,Negatif,0.9956
Didi Karyadi,2,2026-03-10 15:59:54,masuk ke identitas kependudukan digital gak bisa2,Netral,0.792
Engkoy Sulastri,5,2026-03-10 07:44:04,pelayanan kesehatan di puskesmas cilincing sangat memuaskan,Positif,0.9971
lin mar,5,2026-03-10 02:43:05,mantap,Positif,0.9755
Nur Setiawati,5,2026-03-10 00:58:31,Baik,Positif,0.909
aissatun,2,2026-03-09 16:03:27,"Min saya lupa email+no hp udh ga berlaku, saya butuhh surat vaksin untuk keperluan kerja, tolong dipermudah bantuan nya, bagaimana ya, saya Uda ngemail, tp balasan nya nunggu trs tolong dipermudah dong aplikasi nya aduhhh",Negatif,0.8863
Ovtii Almaratustya,1,2026-03-09 15:12:27,Sungguh lelet ini aplikasi tidak dapat digunakan,Negatif,0.9988
Arief jigre,5,2026-03-09 12:25:41,good Aplikasi,Positif,0.5774
Gamaliel Sembiring,5,2026-03-09 09:36:29,udah bisa login..,Netral,0.8378
LANDO TUMPAL SIAHAAN,4,2026-03-09 08:33:59,baik,Positif,0.9268
Barnabas Harriyanto,5,2026-03-09 06:03:12,ok baguz,Negatif,0.992
Rosalina Arifien,5,2026-03-09 04:32:55,Membantu kami lansia sbgai reminder.,Negatif,0.7293
Martini Setiyati,5,2026-03-09 03:26:07,saya sangat terbantu dengan adanya aplikasi satu sehat ... trus buat inovasi untuk indonesia sehat,Positif,0.9938
Febri,1,2026-03-09 02:26:37,"aplikasi aneh, udah daftar udah login masukin pin sandi udah bener kok dibilang ""TIDAK VALID"" sampe terblokir gara gara ""TIDAK VALID""",Negatif,0.9979
B. Chriswanto,1,2026-03-08 03:10:49,"udah masukin pin malah keluar sendiri, kan menyebalkan",Negatif,0.9964
Indra Kholis 2,1,2026-03-07 21:42:48,"Sudah masukkan kode verifikasi dengan benar, untuk ubah nomor handphone, tetapi terus-menerus dianggap salah.",Negatif,0.8599
Cimapz 90,1,2026-03-07 21:07:53,g bsa login sm sekali pncet lupa akun msukin nik jg g bsa katane nama td sesuai nik lahhhh dr dlu nama di ktp sya bgtuuuuu smpe dr akte lahir ktp ma surat2 lain y ituuu aneh bgt aplikasinya,Negatif,0.9963
Wisnu gani Fadholi,1,2026-03-07 18:58:50,"ga bisa buat login sama sekali ini gmna,butuh bgt ini buat kerjaaa!!",Negatif,0.9713
Prangi Nurul Falah,1,2026-03-07 05:58:17,"Tolong kalau hire Team Tech yang bener, yg kompeten di bidangnya. Saya gabisa login, jelas-jelas udah masukin OTP dengan sesuai, udah dicoba berkali-kali keterangannya selalu permintaan anda tidak valid.",Negatif,0.9941
lukman 20,4,2026-03-07 04:08:40,buat sy cukup baik,Positif,0.9895
Sumi Ati,5,2026-03-07 02:57:23,pelayanan baik dan sopan,Positif,0.9909
0mpit Black,1,2026-03-06 12:21:44,barusan update koq malah ngga bisa login terus,Negatif,0.9811
lisma yanti,5,2026-03-06 01:52:34,"Alhamdulillah pelayanan kesehatan gratis ini sangat membantu sy selaku warga dalam hal kesehatan secara gratis, pelayanannya juga baik dan ramah....semoga saja program kesehatan ini berjalan lancar dan menambah jumlah pelayanan pasiennya...",Positif,0.9964
Nuryanti Sumedi,5,2026-03-05 17:27:58,"bagus aplikasinya, hanya kadang kendala jaringan, hingga lambat muncul tampilan di layar",Positif,0.5227
Syahdian Abian,1,2026-03-05 16:39:07,kenapa setiap saya login gak bisa masuk loading screen langsung otomatis keluar aplikasi,Negatif,0.9766
Lanny Hermanto,5,2026-03-05 10:36:07,senang dengan informasi nya,Positif,0.9892
Wira Dhio,5,2026-03-05 08:31:09,good,Positif,0.7423
Yovi Ridwanto,5,2026-03-05 06:54:16,ok,Negatif,0.993
Ardi Ardiana,5,2026-03-05 04:43:41,cukup membantu memberikan info2 tentang fasilitas serta content2 seputar kesehatan,Positif,0.475
Junaidi Eko Saputra,5,2026-03-05 04:15:04,sangat membantu untuk saya dan kesehatan saya..,Positif,0.9927
Anton Cexa,5,2026-03-05 04:07:41,Sangat Membantu khususnya kami yang berpenghasilan kecil. Terima Kasih,Positif,0.9485
Masyuki,5,2026-03-05 03:47:45,sip muantap semoga selalu sehat salam sehat dan semangat,Positif,0.9405
Pelita Jayamotor,5,2026-03-05 03:44:11,"Mantap, Pelayanan kesehatan Gratis",Positif,0.9075
apt Herlin Simbolon,5,2026-03-05 00:36:17,keren,Positif,0.994
Natama Sibarani,5,2026-03-04 16:09:23,untuk sertifikat di lhat dari mana..,Negatif,0.5141
Yazha Islah,5,2026-03-04 08:46:09,tolong ditambah fasilitas kesehatan Gratis untuk bumil dan bayi nya.,Netral,0.5963
Yulianus Nong,5,2026-03-03 13:20:26,Lancar² Saja.. Terimakasih,Positif,0.7149
Sungkem Sembah,1,2026-03-03 07:10:28,ini gimana login berkali² gagal terus. sudah ganti PIN pun ga bisa juga. knp smp hr ini blm bs login juga pdhl sdh kirim pengaduan?,Negatif,0.9958
desy sagita,5,2026-03-03 03:09:02,oke,Negatif,0.9073
Andi sibarani,1,2026-03-03 02:56:00,gak berguna.. lebih berguna tim kesehatan langsung terjun ke lokasi atau pemukiman warga,Negatif,0.9674
GUDANG GARAM,1,2026-03-03 01:52:20,klau memang belum siap tidk usah di paksakan.. habisin angaran untuk hal hal yg rumit dan mempersulit .. saya dapat notif untu masuk web tp minta nomor tiket.. yg di madsut nomor tiket itu apa? nomor Rm? nmor kunjungan? atau nomor antrian? paaayaaahhh,Negatif,0.997
Ika Yanti,5,2026-03-02 21:44:44,sangat membantu,Positif,0.9828
Rafidah Sukmana,5,2026-03-02 04:58:01,puskesmas ponorogo selatan sangat baik pelayanan CKGnya,Positif,0.9931
Iwan Setiawan,5,2026-03-02 04:57:21,good,Positif,0.7423
Azis Zaelani,1,2026-03-01 09:42:14,busuk,Negatif,0.9448
Arfandi Andi,5,2026-03-01 07:38:44,ok,Negatif,0.993
Wulan,1,2026-02-28 16:32:44,gabisa login atau daftar,Netral,0.9708
Lis si cuplis,3,2026-02-28 13:22:34,bagus,Positif,0.7057
Daffasaktipratama Daffa,5,2026-02-28 13:05:29,bagus,Positif,0.7057
Aditya Samsul Maarif,1,2026-02-28 08:14:46,"ini kok ngga bisa login ya, eror apa gmna apk nya",Negatif,0.9844
Ikrom M,1,2026-02-28 04:56:31,"Tolong perbaiki di bagian vaksinasi covid non-indonesia. Saya mau daftar sertifikat gak bisa ini gimana, muter-muter terus.",Negatif,0.9938
Titin Sutinah,4,2026-02-28 04:45:56,baik,Positif,0.9268
Abrico Saekopona,1,2026-02-28 04:23:48,ini aplikasi dibuat utk buat kesal orang kyknya... login same tahun jebot gag bisa masuk2... tolong la... ini di ulasan hampir semuanya menyampaikan hal yg sama.. tolong la dibenerin,Negatif,0.997
Angga Febri,1,2026-02-28 03:33:49,gaguna,Negatif,0.4953
Jaka Purnama,5,2026-02-28 00:19:43,udh downlod aplikasi tapi kaga masuk aplikasi mohon bantuannya,Netral,0.7324
Nissya Aura Putri,5,2026-02-27 23:34:26,bagus adanya program ini,Positif,0.9438
Ani Yani,5,2026-02-27 17:40:54,Alhamdulillah jd bisa terpantau,Positif,0.7053
Siti Maesaroh,5,2026-02-27 16:25:33,"sudah bbrapa th terakhir saya setiap bulan kontrol cek lab utk pemeriksaan gula darah tensi dan kolesterol, selama ini pelayanan keseluruhan luar biasa, dari depan, sekuriti, petugas pendaftaran, dan semuanya ramah baik, melayani sepenuh hati, pelayanan di puskesmas Kebayoran Baru sangat memuaskan... terima kasih Bapak Ibu dokter dan semuanya",Positif,0.9955
dias newborn,2,2026-02-27 13:39:54,"kenapa tidak bisa download sertifikat vaksinnya min, ini aneh banget dah",Negatif,0.9963
Abdi Ramlansyah,1,2026-02-27 09:14:50,"aplikasi ga ada gunanya,masuk aj susah",Negatif,0.9982
Putra Prasetya,1,2026-02-27 06:49:59,aplikasinya bagus,Positif,0.9958
PiEJE Chanel,5,2026-02-27 06:46:41,oke,Negatif,0.9073
Akew Hg,1,2026-02-27 06:03:33,tidak bisa login kode verifikasi sudah sesuai yg di kirim ke email tapi tetap tidak bisa masuk 👎,Negatif,0.8144
Siti Maryam,5,2026-02-27 00:53:57,sangat memuaskan... melebihi ekspectasi. mohon program ini dipertahankan. Tks,Positif,0.9696
Huhu Huhuhu,1,2026-02-26 21:50:03,"gajelas eror,gbisa masuk ataupun daftar busuk",Negatif,0.9831
Rivoca Billien Freheranto Putra,1,2026-02-26 13:53:53,"Gak bisa login jnvalid terus, pakai hp istri bisa login aplikasi gak support untuk semua hp",Negatif,0.9879
Charma208 :3,1,2026-02-26 13:01:20,"login ny bermasalah bgt, mau cek kesehatan aj lemot bgt wkwk",Negatif,0.9943
Iin Lim,5,2026-02-26 01:52:19,"sudah bisa login, terima kasih ya.",Netral,0.9411
Nia Bana,1,2026-02-25 21:16:56,"setelah di perbarui kenapa aplikasi.nya susah sekali untuk log in .tolong di perbaiki lagi apk.nya ,susah sekali di akses!",Negatif,0.9986
Dian SriOktaviyanti,5,2026-02-25 16:12:48,baik,Positif,0.9268
Sutarti Taty,4,2026-02-25 14:47:42,sangat membantu,Positif,0.9828
Keceng Fendik,5,2026-02-25 05:07:58,puas,Negatif,0.5249
Al Zupri,5,2026-02-25 02:11:05,ok bgt,Negatif,0.9977
Bebe Berlian,1,2026-02-24 22:47:44,"020523 tiap mau masuk sering minta login lagi lewat no hp 250226 login gk bisa pakai no hp, minta daftar dari email",Netral,0.7122
sukri Descom,5,2026-02-24 10:33:41,sangat bagus membantu dalam cek kesehatan,Positif,0.9918
Rifqi Anggara,1,2026-02-24 08:57:21,"aneh, sudah masukan nomer telfon lama, trus giliran masukan nomer telfon baru gagal karna gangguan notifikasi whatsapp. korelasi antara notif wa sama aplikasi ini apa",Negatif,0.9702
Drs Ahmadi,5,2026-02-24 08:44:11,terimakasih,Netral,0.6083
Syaefudin As Ari,1,2026-02-24 07:58:39,susah login udah lupa pin tapi salah mulu aplikasi kocak disuruh konek identitas kependudukan digital malah lemot ah,Negatif,0.9972
Deswita Auraliyani,1,2026-02-24 07:04:31,"aplikasi yang bikin kehabisan kata-kata. perkara mau login doang susahnya minta ampun. awal lupa pin, verif lewat wa gabisa akhirnya pake email. udah verif pake email, dah ganti pin mau login selalu dapet kata-kata mutiara ""sepertinya permintaan anda tidak valid"" terus terusan kek gitu. pemerintah tuh mau sampe kapan sih nyusahin rakyatnya, ga habis pikir sumpah duit pajak dipake buat bikin aplikasi dengan kualitas yg ga layak kayak gini.",Negatif,0.9988
petrus sandiwan,2,2026-02-24 06:14:15,untuk pilihan provinsi Yogyakarta tidak muncul.? tidak bisa penyelesaian profile,Netral,0.9573
mbah tolang,5,2026-02-24 05:42:36,keren,Positif,0.994
dian Yun (dian yun),4,2026-02-24 04:30:38,hebat,Negatif,0.8378
Riska Nurlilis,4,2026-02-24 04:13:31,good,Positif,0.7423
Bambang Hilmansyah,5,2026-02-24 04:11:55,tingkatkan lagi,Negatif,0.5047
Mikhail Boyka,5,2026-02-24 02:19:27,sangat bermanfaat dan sangat bagus buat informasi tentang kesehatan👍👍👍,Positif,0.9967
Slamet Budi,4,2026-02-23 11:02:11,Pelayan baik,Positif,0.9752
Ahmad Fauzan,2,2026-02-23 07:22:23,sertifikat vaksin tidak bisa diunduh semua :(,Negatif,0.9799
Ahmad Muslih,1,2026-02-23 07:19:54,"login pake nomor hape ga bisa, katanya pemeliharaan sistem tapi lama banget ga segera diatasi padahal mau butuh sertifikat vaksin",Negatif,0.9781
Bergas Sumbut H,1,2026-02-23 07:18:07,"Udah cek ini gaada 30 menit jadi cek out sendiri, gps juga nggak update, tolong diperbaiki, update pertanggal 23-02-2026 tidak bisa login sudah ganti pin 2x melalui verifikasi email masih tidak bisa login, aneh",Negatif,0.9967
Sri Miyati,4,2026-02-23 06:44:24,suka karena mengetahui kondisi tubuh...,Positif,0.9313
Ahmad Rifani,1,2026-02-23 06:36:49,"aneh banget gua mau login malah terhalang pin, mau direset pin malah ga bisa",Negatif,0.998
Resta Prihastika,5,2026-02-23 05:35:08,bagus dan lebih modern,Positif,0.9391
Ekandra,2,2026-02-23 03:29:02,Lebih ditingkatkan lagi. Cek sertifikat sering g keluar,Negatif,0.9908
Atmim Lana N,2,2026-02-23 01:38:51,"apakah ini aplikasi yg sama dengan peduli lindungi,,,saya mw cek vaksin saya waktu itu",Negatif,0.5151
Zainal Abidin,5,2026-02-23 01:03:34,pilihan sehat ya satu sehat,Positif,0.8612
Hamdan Eka,5,2026-02-22 20:01:25,good,Positif,0.7423
Catur Febriananda,1,2026-02-22 12:54:55,Buruk.. tidak bisa login.. Aplikasi sudah tidak berfungsi,Negatif,0.9984
Dwi Subekti,1,2026-02-22 12:06:19,"kaga bisa login, menyusahkan saja",Negatif,0.9779
Rembol Groub,3,2026-02-22 02:47:07,sehat itu mahal,Negatif,0.9767
Yusuf Bahtiar,5,2026-02-21 01:23:42,sangat membantu saya,Positif,0.9762
Mouza Imut,5,2026-02-20 22:27:49,dg ada apk ini sgt terbantu n apk ini mudah dipelajari jg kita tau ttg kesehatan diri kita...jaga kesehatan lebih penting dr segalanya,Positif,0.9957
kushandayani musringah,5,2026-02-20 15:12:30,layanan pemeriksaan bagus,Positif,0.9908
Gracela Chindy,5,2026-02-20 07:32:58,luar biasa,Positif,0.6541
Alex Hanura,1,2026-02-20 07:10:27,aplikasi apa ini.....lebih parah dari palling buruk nilainya soalnya tetap gak bisa masuk padahal sdh bilang terdaftar tp tetap gak bisa masuk...,Negatif,0.9993
Ika Setyowati,5,2026-02-20 03:31:34,semoga bermanfaat,Netral,0.5188
verina lutfiah,1,2026-02-19 14:35:51,"APLIKASI PEMERINTAH TAPI BOBROKNYA MINTA AMPUN, SAYA MAUMEMBETULKAN PIN KARENA SAYA LUPA NAMUN PROSES VERIFIKASI RIBET KATANYA GABISA MELALUI WHATSAPP. TOLONG YA INI APLIKASI PEMERINTAH KENAPA BISA SE BOBROK INIII!!!!!!",Negatif,0.9914
Wardani Maulidi,5,2026-02-19 03:14:33,baik,Positif,0.9268
Anthok Pratama,5,2026-02-19 01:54:55,slm sehat dan semoga Aplikasi satu sehat tetap jaya memberikan pelayanan kepada masyarakat melalui aplikasi ini dan semoga kedepannya lebih maju dan lancar ..Aamiin,Positif,0.9818
Andrevina Marthauli Warouw,1,2026-02-19 01:34:02,"Lupa PIN dan verif ulang, malah tidak bisa kirim OTP. menghubungi bantuan juga ribet harus ada video atau foto kendalanya.",Negatif,0.9964
Agasi Arobi,5,2026-02-18 14:14:30,Mudah di akses serta dapat daftar cek kesehatan secara gratis,Netral,0.9484
Lizar Rusdi,5,2026-02-18 10:06:49,aplikasi yang baik utk digunakan mengontrol kesehatan. dan gratis pemeriksaannya,Positif,0.9727
Ganbaru Channel,1,2026-02-18 05:16:44,"aplikasi gak guna, mau buat masukin data vaksin dari luar indonesia tidak bisa,,, Aplikasi Payah",Negatif,0.9963
Dewi Dew,1,2026-02-18 03:54:46,makin lama bukannya makin bagus malah makin jelek,Negatif,0.9988
Patirah irah,5,2026-02-18 03:52:31,memuaskan,Negatif,0.6092
Dewa Takayuki,5,2026-02-18 03:33:59,very good,Netral,0.647
Sartika Oktaviani,1,2026-02-18 03:30:04,"Ini kenapa ya pin selalu ga valid, padahal udah ganti pin di saat itu juga tetap aja ga valid?",Negatif,0.9918
Mem Farida,5,2026-02-17 14:42:31,"sangat membantu , tp klu bisa pertanyaan skrining mandiri lebih di fokus , saja trimakasih 🙏atau bisa kasih reward tiap 6 bulan sekali , biar lebih. semangat , trimakasih",Positif,0.9285
Ammar Rulloh,1,2026-02-17 13:32:23,harusnya kalo sudah rating 3.3 developer koreksi diri,Negatif,0.9741
Ibnu Nizar,5,2026-02-17 09:36:43,bagus sekali,Positif,0.9706
Vivi Eka,1,2026-02-17 06:21:24,tolong dong ini permudah untuk login nya. dulu sya daftar pake hp yg udh rusak dan ga inget pin nya. ini mau login pake nomor yg sama jg ttp ga bisa. pilih daftar munculnya akun udh terdaftar tp ttp ga bisa masuk. butuh bukti sertif vaksin untuk lamar kerja.,Negatif,0.9705
Linkasa,1,2026-02-17 04:05:05,"kacauu, setelah di update malah ga bisa login lagi. udah coba ganti pin dan masukkin pin baru sesuai dengan yang di buat tetep ga bisa login. keterangan pin salah terus. aplikasi satusehat udah banyak trouble sebelum nya sekarang makin jadi sampah gini sihh.",Negatif,0.999
Nani Kurnianingsih,4,2026-02-17 00:12:34,memuaskan terima kasih,Positif,0.9897
Bambang Riyanto,5,2026-02-17 00:12:04,pelayanan ramah dan bagus,Positif,0.9979
Ahmad Rofiqi Firdaus (Cak VQ),1,2026-02-16 15:43:13,"Saya rubah jadi bintang 1 karena ada 2 hal vital yang belum berfungsi dengan baik, yaitu integrasi dengan aplikasi Dukcapil IKD dan server rasa UMKM, lemot parah. Padahal dana nya gede tapi gak bisa pakai server skala global??? Kalau sudah dibenahi dan sudah bisa, nanti bisa saya revisi bintang nya",Negatif,0.9928
Abie Huseino,1,2026-02-16 06:16:26,"saya ingin melaporkan bahwa sertifikat vaksin saya tidak terdaftar di apk satu sehat, tapi untuk melapor saja tidak bisa, aneh",Negatif,0.9951
Daddy Abdul Rachman,4,2026-02-16 01:53:37,baik,Positif,0.9268
Muhamad Rafi Akbar,1,2026-02-16 00:56:43,"Gimana ini cara masuknya, lewat email gabsa, ini gabisa, itu gabisa, ga berguna bgt aplikasinya",Negatif,0.9985
kaisyajauhara Aulia,1,2026-02-15 16:15:57,saya dari tadi otak atik verifikasi malah nge bug melulu. Tolong ya diperbaiki. jujur saya kecewa dengan apk ini padahal saya sudah berharap penuh.,Negatif,0.9992
S******O 9****0,4,2026-02-15 12:59:02,semoga membantu program kami merlukan kesehatan medis,Netral,0.6711
BLUE KAZAMA,1,2026-02-15 11:05:49,ini gw kpan daftar nya ya kok tau tau udah terdaftar aja,Negatif,0.985
Arianata Aulia,1,2026-02-14 03:07:37,"ini gimana sih aplikasi.. sediain login via IKD tapi gak bisa error, sediain login via email tapi pas masukin PIN malah gak bisa login akhirnya ""LUPA PIN"" buat PIN baru ehh pas dah buat PIN baru tetap gak bisa login.. gimana sih nih aplikasi.. Niat gak sih bikin aplikasi bukan buat permudah malah bikin ribet",Negatif,0.9986
Maria Christina,5,2026-02-14 02:48:25,pelayanan & pemeriksaannya memuaskan,Positif,0.9965
halo Mynameis,1,2026-02-13 23:16:31,Aplikasi busuk,Negatif,0.9984
Wina Benaya,5,2026-02-13 08:02:14,an.sondang Oktavia sdh mcu terimakasih,Netral,0.7857
ayu NA,1,2026-02-13 04:45:09,"Ribet,mau verifikasi aja harus ke puskesmas.",Negatif,0.9905
Linawati,5,2026-02-13 01:24:05,sy dibantu pihak puskesmas untuk mengaktipkan,Netral,0.9963
ronaldo wijaya,5,2026-02-12 16:12:56,ok aja,Negatif,0.9974
ali mustopa,5,2026-02-12 12:51:41,manfaate opo bro?,Negatif,0.958
Tiya,1,2026-02-12 11:51:11,"aplikasi gak jelas, banyak errornya data2 banyak hilang setelah di perbarui aplikasinya",Negatif,0.9986
fajar wasis,1,2026-02-12 10:50:02,"gk bisa masuk terus berkali"" masukin kode otp",Negatif,0.935
Rizki Suherman,2,2026-02-12 09:13:47,"tolong lah masa kalo lupa akun cuma bisa verifikasi nomor, lewat email juga ga bisa. harusnya bisa mastiin lewat verifikasi KTP atau wajah. kecewa gw. aplikasi pemerintah tapi isinya busuk.",Negatif,0.9988
Aisyah Novianti,1,2026-02-12 08:27:54,"pemerintah kalo bikin aplikasi emg gk guna semua,,,asli bikin emosi jiwa..login aja dipersulit masa buka bbrp detik ke gmail aja kode otp gk bisa aneh lu...gk niat bkin aplikasi gk bkin aja..ribet bnget mw login jg 😏 dlu aplikasi punya pemerintah yg lain jg dipersulit ni lgi jg...",Negatif,0.9991
Dwi Purwanti,5,2026-02-12 07:49:44,menyenangkan,Positif,0.481
Kapi Sambo,5,2026-02-12 04:39:53,sangat membantu dalam men introspeksi diri khusus kesehatan,Positif,0.9344
Ari Wirajaya,5,2026-02-12 04:38:22,Selalu monitor keandalan dan kemudahan fungsi bagi pengguna aplikasinya shg tetap aman lancar scr kegunaan. Tks,Positif,0.9684
Miftahud Diniyati,5,2026-02-12 01:23:45,sangat membantu.. terimakasih,Positif,0.9893
suranti jayapura,5,2026-02-12 00:29:33,pelayanan kesehatan itu mudah,Positif,0.9368
Gandewaroni roni,1,2026-02-11 23:28:02,kalau aplikasi masih uji coba mohon jangan dipublikasikan dulu,Netral,0.9955
MARGONO MANURUNG.,5,2026-02-11 21:24:29,Mantap,Positif,0.9893
RAJA PAWON DEPOK,5,2026-02-11 12:51:21,ok,Negatif,0.993
Sri Leatari,5,2026-02-11 12:12:44,dengan aplikasi ini kita bisa dengan mudah melihat riwayat penyakit yg kita alami,Netral,0.8915
ersa sari,5,2026-02-11 08:43:08,bagus,Positif,0.7057
Netty Wahyuni,5,2026-02-11 06:10:46,pelayanan baik dan lancar,Positif,0.9955
Selvanus sevnat Sevnat,5,2026-02-11 05:01:38,sangat Baik,Positif,0.9195
Novika Sari,4,2026-02-11 04:30:05,nice,Negatif,0.942
Devi Arifiadi Arifin,5,2026-02-11 03:49:10,sangat bermanfaat,Positif,0.985
Suryani Ninuk,4,2026-02-11 01:36:04,sangat bermanfaat dan menyenangkan,Positif,0.9853
Friska,1,2026-02-10 22:44:15,tidak bisa diakses memepersulit masyarakat sudah hubungi helpdesk gk ada solusi sama sekali,Negatif,0.9972
Semara putra,3,2026-02-10 22:43:59,Kenapa saya tidak bisa login??,Negatif,0.9902
Zuli,3,2026-02-10 12:38:39,ok,Negatif,0.993
Anton Surentu,1,2026-02-10 12:06:34,"aplikasi yang sangat buruk sekali, sungguh mengecewakan!!!",Negatif,0.9993
Wiwin Priadi,2,2026-02-10 10:45:22,"ini maksudnya gmn si kok jadi ga bisa masuk ya,, no.telpon/ email ga bisa.. hadeehh.. tolong di perbaiki",Negatif,0.9933
Mifta nawawi,1,2026-02-10 09:11:06,apk sulit di akses . kode otp ngak bisa,Negatif,0.718
Ira Afisa,1,2026-02-10 09:04:02,Fitur login untuk apa disediakan kalau user gak bisa masuk ke akunya?,Negatif,0.5122
awal akhir,1,2026-02-10 05:58:20,"ribet amat harus pakai nohp lama segala, lantas kalau nohp lama sudah rusak atau hp tersebut hilang beserta dengan kartu hp nya, trus bagaimana dengan orang yang sudah terdaftar tapi tidak bisa kembali ke akun lama sesuai KTP, jangan dipersulit donk, aplikasi juga punya lu",Negatif,0.9967
Gerald Julio Tana074,1,2026-02-10 01:46:52,aplikasi apa ini menyusahkan orang kita login tidak bisa malah disuruh daftar kita daftar malah tidak bisa aplikasi tidak recommended menyusahkan,Negatif,0.9992
Dewiw Nasution,5,2026-02-10 01:36:50,bagus buat mengontrol kesehatan secara mandiri,Netral,0.6959
Jumardin Clashers,1,2026-02-09 08:46:51,tak bisa di download,Netral,0.9803
Hendra Gunawan,1,2026-02-09 07:36:47,"aplikasi taik,, ngabisin kuota aja nyuruh upgread... login tetap gak bisa",Negatif,0.9957
Gonang Fajar,5,2026-02-09 07:16:30,"udah nyobain CKG di puskesmas cikupa, mantap..",Positif,0.9815
Toni Hadi Pratama (Godel),1,2026-02-09 06:59:26,"gak bisa login padahal udah di clear cache,hapus data sama uninstall dan install lagi tetep aja gak bisa login",Negatif,0.9838
winda felisa,3,2026-02-09 06:30:55,"aku kira pemeriksaan gratis untuk yg ultah tuh bakal ada pemeriksaan kolesterol, asam urat, dan gula darah dll gitu, ternyata cuman periksa gula darah saja. abis itu selesai",Negatif,0.9219
Khoirul BR,1,2026-02-09 05:05:51,"maaf saya mau login untuk cek vaksin ke 2, sulit",Negatif,0.8678
Dedi Yuliadi,4,2026-02-09 04:16:43,bagus sekali pelayanan baik dan petugas ramah,Positif,0.9963
Monica Duha,2,2026-02-09 03:36:33,sudah daftar Satu sehat email dan sandi sudah benar tapi tetap gagal masuk mohon bantuannya🙏 untuk mengatasi masalah tersebut,Netral,0.8938
Fania Niaafa,5,2026-02-09 01:36:05,aplikasi nya bagus banget,Positif,0.9971
Raffi Abdul Rahman,2,2026-02-09 01:29:06,"aplikasi apaan si login aja gbisa, klo gbisa bkin aplikasi gausah bkin, kenapa maksa bgt klo skill gaada...",Negatif,0.9896
Susilawati,5,2026-02-09 01:24:54,hebat,Negatif,0.8378
All Imron,1,2026-02-08 23:17:37,huh ga berguna kaga bisa masuk terus gagal terus udah berbagi cara juga ...,Negatif,0.9974
Ilsiel,1,2026-02-08 20:49:35,"masuk lewat ikd gabisa, masuk lewat nomor telpon wa nya juga gabisa ,pencet lupa email ujung ujungnya masukin nomor tapi kgk bisa sama kek sebelumnya masuk lewat nomor ,terus buat apa aplikasi ni terus jalan? kalo dimatiin fungsinya dan kgk pernah di update atau di fix masalahnya apus aja sekalian ,kalian tua bangka bukanya memperbaiki malah didiemin doang,cuman balas komen orang orang dengan kata maaf , kami butuh aksi untuk memperbaiki bukan kata maaf aplikasi gaguna",Negatif,0.9984
dwi yanti,2,2026-02-08 07:09:49,Di upgrad malah gx bisa login knpa ini astaga gx jelas bngt,Negatif,0.9984
ARSIMO os,5,2026-02-08 06:19:22,sangat membatu dlm pengecekan riwayat kesehatan,Positif,0.954
Richi Buana,1,2026-02-08 05:24:39,ga jlas nih pembaharuannya login pakai no hp ga bisa ngirim otp,Negatif,0.5574
samsul arief,5,2026-02-07 14:51:13,terimakasih atas kerjasamanya,Positif,0.5453
Vanilla Putri Purnama,1,2026-02-07 14:18:25,mau login/daftar aja error terus,Negatif,0.9893
Sandy halim,5,2026-02-07 13:15:16,sangat membantu mengetahui kesehatan saya,Positif,0.9855
FIKRI Zain,1,2026-02-07 06:27:25,"tolong lah mau login ga bisa bjsa, email ga di temukan nomor hape juga, pas daftar malah di bilang udah terdaftar, bobrok kali sumpah, udah menghubungi semuanya yg di suruh masih ga dapat solusinya, tolong lah butuh kali buat berkas masuk kerja ini!!!",Negatif,0.9986
Bintang Raka,5,2026-02-07 06:26:02,SempurNaa😅,Negatif,0.5876
wendy kamal,5,2026-02-07 06:07:59,sangat membantu dalam menjaga kesehatan,Positif,0.9943
Adhit_ Dit,1,2026-02-06 14:35:16,"ini kenapa g bisa login dah, masukin pin udh bener tetep tidak valid, Ampe ganti pin baru tetep g valid. payah",Negatif,0.9984
Fitranta Egi Wijaya,1,2026-02-06 13:12:32,ini apk punya pemerintah tapi bapuk banget habisin uang APBN aja lemot banget pada niat kerja gak sih,Negatif,0.9994
Gina Ginag,1,2026-02-06 08:52:52,"ini kenapa sih gak bisa login, bilang nya salah nama padahal udah bener!!",Negatif,0.9974
Tata,1,2026-02-06 06:28:06,"Apk gak jelas, tolong dibenarkan masalah login. Input pin salah terus padahal sudah ganti ulang tetap saja tidak bisa login. aneh",Negatif,0.9896
eko prasetyo,1,2026-02-05 13:42:30,"ganti saja aplikasi atau perbaikin aplikasi saat ini, sungguh sangat tidak membantu. setiap log in masuk kan pasword selalu salah. sampai pakai lupa pin. tetap saja ngga bisa masuk ke menu",Negatif,0.9938
perdamen sembiring,1,2026-02-05 11:54:48,"hiii, bulak balik bulak balek seperti ucapan jokowi hanya untuk ganti password tapi gak berhasil jg. akhirnya kena hukuman 8menit.",Negatif,0.998
Dandy Danu,1,2026-02-05 09:29:23,"akun saya kenapa tidak bisa masuk sama sekali sih, aneh",Negatif,0.9971
listya rini,5,2026-02-05 09:07:24,Satu sehat mobile merupakan perangkat aplikasi digital yg lebih praktis dan modern tapi untuk kebanyakan orang seusia sy kalau tdk dibimbing anak yg lebih muda agak ribet menggunakan nya,Negatif,0.7012
Nia Setiawati,5,2026-02-05 03:56:22,dengan adanya aplikasi ini sangat membantu,Positif,0.9964
Ahmad M (Ahmad),3,2026-02-05 01:56:13,berapa hari hasilnya keluar? sudah 10 hari belum juga ada hasil,Negatif,0.9796
nenny Oktarina,5,2026-02-05 01:43:01,bagus,Positif,0.7057
Zany 47,5,2026-02-04 15:41:35,mantaapp,Netral,0.705
Bambang Dono Samekto,5,2026-02-04 08:08:33,sangat bermanfaat utk monitoring dan menjaga kesehatan para Lansia.,Positif,0.9782
Carla Malonda,4,2026-02-04 07:50:20,Ok.,Negatif,0.938
Rudi Marthalaya,1,2026-02-04 06:07:34,kenapa jadi tidak bisa login apakah aplikasi ini masih berfungsi?atau cuma aplikasi abal2 kagak jelas banget👎👎👎,Negatif,0.9986
Sam Poerna,5,2026-02-04 03:54:13,Penggunaan aplikasi sangat mudah. Link di semua puskesmas.,Positif,0.9423
fariz susanto,2,2026-02-04 00:13:19,"setelah di update kmrn malah tak bisa di buka, selalu rebon",Negatif,0.995
M. Nasikhun Amin,1,2026-02-03 22:36:05,aplikasi close sendiri sudah uninstal dan pasang lagi tetap aja sama tidak bisa masuk,Negatif,0.9719
Alvan M,1,2026-02-03 13:38:27,gak bisa masuk ke aplikasinya,Negatif,0.9685
Orang Biasa,1,2026-02-03 10:11:02,gak bisa login udah lupa pin bikin pin baru tetep aja gabisa login app kocak,Negatif,0.7356
M Yudi Afandi,4,2026-02-03 09:56:17,👍,Negatif,0.5378
Ita Aryas,3,2026-02-03 04:19:22,mantap,Positif,0.9755
Edy Ita,4,2026-02-03 04:10:28,top,Positif,0.5341
titin suprihartini,5,2026-02-03 00:19:12,sangat mendukung tapi kasihan masyarakat yg gaptek (gagap tekhnologi),Negatif,0.9858
Eet Fariyanto,5,2026-02-02 22:53:00,terimakasih aplikasi ini cukup membantu dlm masalah kesehatan,Positif,0.9895
Aing Dong,1,2026-02-02 11:49:11,"gini amat program cek kesehatan geratis, tgl 30/01/26 saya datang ke puskesmas tenjo. cuma diambil darah saja, dan hasil pemeriksaan nya ga ada sampai sekarang tgl 02/02/26.",Negatif,0.9945
Ani Mulyani,1,2026-02-02 11:05:42,"setelah keluar dari aplikasi. lupa pin, verifikasi lewat wa susah",Negatif,0.8863
Mitra Mandiri Motor,5,2026-02-02 06:34:03,mantepppp,Netral,0.8829
Fardho,1,2026-02-02 03:47:11,pin tidak dapat tervalidasi,Netral,0.5736
Tomi Jonatan,5,2026-02-01 18:36:34,sehat semua,Positif,0.6625
Brenda Tufania,3,2026-01-31 08:04:57,tampilan oke,Netral,0.7651
fitri hakim,2,2026-01-31 05:19:29,"Nggak ngerti sama app ini, masukin email yg masih dipake katanya formatnya salah, masukin nomor telpon katanya nomor telpon sudah dipake.. Maksudnya gimana ya? Saya masuk akun sendiri juga",Negatif,0.9964
listia nitip,1,2026-01-31 04:16:23,Pas daftar suruh pilih puskesmas buat cek kesehatan gratis di weekend kirain bisa. pas dateng ke puskesmasnya malah bisanya weekday. Minimal kasih info yg jelas lah. buang² waktu sama biaya.,Negatif,0.9863
Dohirul Amri,5,2026-01-31 00:24:16,menarik,Positif,0.4743
agus suherman,3,2026-01-31 00:17:32,yang sudah ada tingkatkan lagi,Negatif,0.7118
Rio Anuari GuLtom,4,2026-01-30 16:37:20,good,Positif,0.7423
I Made Suastana,5,2026-01-30 16:15:49,sangat bagus,Positif,0.9966
Rafaelle Fitriyanti Thamrin,2,2026-01-30 15:22:54,sudah download tapi tidak bisa masukin pin tidak bisa,Negatif,0.6061
Vieber Smart,5,2026-01-30 12:50:24,"Mudah operasionalnya, bagus untuk monitoring rekam medis",Positif,0.9157
Ary Stya,1,2026-01-30 10:42:24,"Aplikaasi gk jlas gak bisa login, mna gua butuh sertivikanya buat krjaa, gak jelas emang aplikasi bikinan pemerintah",Negatif,0.9946
abdul rasyid,5,2026-01-30 10:34:07,sangat bermanfaat dan berguna...,Positif,0.9788
Tuty Nurhaety,5,2026-01-30 10:27:32,bagus banget,Positif,0.9577
Ahilla Kammala,1,2026-01-30 03:18:33,"Bintang minus bisa gak ya? ini aku yang skill issue atau gimana ya? login berulang gabisa terus, plus respon status API gak jelas sama sekali, sayang sekali padahal latest UI sudah bagus tapi servernya kocak.",Negatif,0.9982
warih sadono,1,2026-01-29 13:02:53,"setelah diupdate malah sama sekali nggak bisa masuk,no hp udah bener,email udah bener,pin udah bener tetap nggak bisa masuk👎",Negatif,0.9929
Marisa Rezky Utami,5,2026-01-29 10:07:22,"pelayanan yang baik,dan mudah.",Positif,0.9826
Untung Saiman,4,2026-01-29 05:40:58,Coba dulu..,Negatif,0.8068
Samsung Galaxy,5,2026-01-29 05:00:44,6 ty💋ò,Negatif,0.9675
ronny rasmus,5,2026-01-29 02:46:23,Aku suka bagus sekali,Positif,0.998
Kusno Trihascahyo Wardhoyo,4,2026-01-28 17:18:44,Aplikasi ini sangat membantu untuk mengetahui kondisi kesehatan diri sendiri agar lebih terkontrol dan terjaga kesehatannya.,Positif,0.9888
arya gutomo,5,2026-01-28 14:50:43,sangat membantu sekali,Positif,0.9772
Hanita Fitry,1,2026-01-28 13:53:53,kak mohon maaf ini kenapa sertifikat vaksin ketiga saya gak ada padahal saya udah vaksin. mana ini di butuhkan buat pekerjaan saya,Negatif,0.959
Umi Kabibah,5,2026-01-28 11:12:22,"praktis, mudah",Positif,0.5633
Joen Gemini,1,2026-01-28 07:11:23,gak bisa login padahal uda reset pasword .. ane ini ada udang di balek rempeyek .,Negatif,0.6963
Syafri Man,4,2026-01-28 06:44:50,Good,Positif,0.9345
Tita Rimawati,5,2026-01-28 05:44:43,selalu memberikan pelayann yg terbaik,Positif,0.9878
Fay Yola,5,2026-01-28 03:52:01,good,Positif,0.7423
Riani Mantini,1,2026-01-28 01:15:10,"abis diperbarui, malah gak bs login.. aneh",Negatif,0.9937
Ronni Hermawan,1,2026-01-27 22:48:07,"Tidak bisa login, dicoba masuk dengan lewat aplikasi IKD juga gagal",Negatif,0.9702
robert w,5,2026-01-27 16:54:56,good luck,Positif,0.9623
alvi alvi akmalia putri,5,2026-01-27 09:29:55,"sangat membantu,cepat tanggap cermat",Positif,0.9406
H.7.P,3,2026-01-27 07:13:53,yang pake aplikasi ini buat daftar kerja atau pelatih doang,Negatif,0.7543
Nisrina Nurherwinda,1,2026-01-27 06:58:14,"gagal masuk terus pake email gabisa, pake nomor gabisa, pake NIK juga ga bisa. udah lupa pin atau ganti email yg lain juga ga bisa",Negatif,0.9796
Lucky Fitriadi,1,2026-01-27 05:35:33,"saya coba daftar, tetapi informasi bik sudah terdaftar (padahal saya belum pernah daftar satu sehat, mungkin migrasi dari pedulilindungi). ketika saya masuk pakai lupa email dia malah minta verifikasi dengan email. bagaimana saya bisa masuk.",Negatif,0.9862
Domas Bayu,5,2026-01-27 04:13:37,nah ini baru betol,Negatif,0.9779
Syazz,5,2026-01-27 03:46:57,bagus,Positif,0.7057
Play to earn,5,2026-01-26 10:17:57,"Percuma menyediakan opsi login via IKD kalau fungsinya mati total. Fitur ini seharusnya memudahkan, malah bikin ribet dan buang waktu. Tolong jangan rilis fitur kalau belum stabil.",Negatif,0.9949
fatimah nurrahma,1,2026-01-26 08:56:22,"sdh trdftr, tp mau login slh PIN. Sdh ganti PIN tp OTP tdk masuk ke wa,masuknya ke email, coba ganti pakai email, otp masuk ke wa tp invalid. sdh ubah PIN dan berhasil tp dinyatakan invalid. kalau blm siap layanan, gk usah diluncurkan ini aplikasi. nyusahin.",Negatif,0.9967
Antonius Nyuk,5,2026-01-26 07:58:54,makin inovatif,Netral,0.7423
Rizky Apriansyah,1,2026-01-26 02:17:25,"aplikasi terlelet yang pernah saya pakai ya ini, ganti jaringan secara berkala hanya karna mau ngapa ngapain di dalam aplikasinya terlalu lama muatnya. Kirain jaringannya yang lelet, taunya emang aplikasinya yang bener bener lelet. Mohon diperbaiki segera dong, saya mau ngurus apa apa jadi terkendala.",Negatif,0.9973
NurulHida Saja,3,2026-01-25 23:10:05,"Kok nggak bisa log in ya, selalu muncul tulisan ""sepertinya permintaan anda tidak valid"" saat selesai memasukkan pin. sudah coba ganti pin dan sukses tapi buat log in gak bisa lagi.",Negatif,0.9914
Farida Berliana Sirait,4,2026-01-25 20:51:06,semoga semakin optimal,Positif,0.5453
Dian_ Siwalima,5,2026-01-25 13:35:34,oke,Negatif,0.9073
Deni Arian Nando,1,2026-01-25 05:41:23,"tidak booking jadwal pemeriksaan, malah dapat notif booking jadwal, ketika diganti jadwal balik otomotis dan keluar hasil sendiri tanpa pemeriksaan, coba ubah jadwal lagi harus nunggu ultah lagi, aneh",Negatif,0.9976
Sumarni Semanggi36,5,2026-01-24 14:51:34,Alhamdulillah kami bersukur adanya pemeriksaan gratis ini semoga sehat selalu 🤲 Terimakasih🙏,Positif,0.975
r. djoko indra adhy prasetyo,5,2026-01-24 12:44:42,untuk saat ini membantu,Netral,0.6223
Filzah Olivia,2,2026-01-24 12:11:54,"Kak ini kenapa ya mau login dengan IKD loadingnya lamaaaaa banget, emang begini ya? Terima kasih",Negatif,0.9672
Akhmad Giantri,1,2026-01-24 10:31:27,"Aplikasi terbaik sepanjang masa, sangat praktis sekali banget pisan chuaaakkksss",Positif,0.9965
subekhi wihendra,1,2026-01-24 02:31:16,"aplikasi aneh, ga bisa login, kode verifikasi udah berkali² diisi sesuai tetap ya bisa login",Negatif,0.9732
Amin Budiyanto,5,2026-01-24 01:55:45,ok sangat membantu,Positif,0.9667
Nanangarwi Arwi,5,2026-01-24 01:15:34,mantap benar,Positif,0.9914
munandiroh 12,5,2026-01-23 05:19:31,mantab,Netral,0.7853
Yayah Hoeriah,5,2026-01-23 03:47:11,"Pelayanan bagus ,kalau bisa pelayan giigi palsu bisa Puskesmas ,agar lebih efektif ,efìsien .karena kalau di Pusatkan di salah satu RS.kurang efisien",Positif,0.8434
ابو محمد السياني,5,2026-01-23 03:12:15,ajibb,Netral,0.8425
Agung Raka,5,2026-01-22 13:10:23,good,Positif,0.7423
Zerzoey Offical,1,2026-01-22 05:48:48,"aplikasi habis masuk logout,masuk lg pin tidak sesuai,lupa pin nik tidak sesuai,lupa akun,anda blm punya akun, daftar nomer sdah terdaftar 🤣",Netral,0.8937
Nina Oktafiani,1,2026-01-22 05:08:31,ERROR MULU,Negatif,0.6711
Ukar Cuwarsih,5,2026-01-22 03:07:46,sangat bagus,Positif,0.9966
Heru Gestiyadi,5,2026-01-21 16:39:46,sudah baik,Positif,0.4578
Luthfi Bimantoro,1,2026-01-21 13:11:14,"gajelas ini aplikasi, buat download sertifikat vaksin gabisa teruss. padahal gada kendala apapun di hp sama jaringan",Negatif,0.9912
Samikun Samikun,5,2026-01-21 10:13:55,bagus murah,Positif,0.9946
wedak gaguk,1,2026-01-21 08:28:34,Aplikasi sampah pilih jenjang pendidikan aja di klik gak bisa,Negatif,0.9599
Mutia,1,2026-01-21 00:49:27,ini kok aplikasi nya ga bisa login padahal udah betul kata sandi sma Email tolong dong di perbaiki🙏🏻,Negatif,0.9329
Wesbi Utama,4,2026-01-20 17:02:30,sangat baik sebagai kontrol diri,Positif,0.993
Dewi Juliana,1,2026-01-20 15:01:48,"aneh , udah masuk berkali kali tapi pas masukin pin data tidak valid .",Negatif,0.997
Yuli Cahayati,1,2026-01-20 11:51:14,permintaan anda tidak valid mulu padahal email dan pin nya sudah benar,Negatif,0.9885
Fariz Adnan,1,2026-01-20 10:36:41,"apalah, ga bisa login padahal email bener, coba daftar pake email yang sama malah ktnya udah terdaftar🗿🗿 tolong ini diperbaiki, kasian yang mau cek data kesehatan digital",Negatif,0.9949
LIA ayonk,2,2026-01-20 04:54:24,mengapa sulit sekali catak kartu vaksin di aplikasi baru ini,Negatif,0.9961
Ayu Riani,5,2026-01-19 22:37:15,"menua pasti, sehat pilihan saya",Positif,0.9413
A. Taufiq,5,2026-01-19 16:29:10,status kes. seseorang terpantau sedini mungkin.... 👍,Negatif,0.5131
Suwarno Suwarno,5,2026-01-19 15:04:43,mantap,Positif,0.9755
makoto tachibana,1,2026-01-19 12:39:54,ketitup sendiri terus. padahal udah hapus chace dan udah instal ulang,Negatif,0.9968
Trie Dracho23,1,2026-01-19 11:59:46,kenapa ya sangat sulit menggunakan aplikasi resmi buatan negara sendiri.. untuk masuk tidak bisa.. apa lg untuk cek sertifikat vaksin.. ini sudah tahun 2026 masih sesulit ini kah untuk akses mudah..,Negatif,0.9982
yuda prasetya,5,2026-01-19 08:18:07,"tingkatkan lagi ,",Negatif,0.4093
Sammy Azis,1,2026-01-19 04:23:21,"aplikasi kaga jelas , Mao log in kaga bisa. nungguin kode otp kagak masuk via wa. sekalinya masuk lewat email. eh di aplikasi nya malah kaga bisa juga .",Negatif,0.9974
PUTRA TONY,1,2026-01-18 13:39:33,gk bisa log in,Netral,0.8396
Budiono Sutanto,5,2026-01-18 09:32:33,sdh mulai mendetail pencatatan kesehatan,Netral,0.9385
Dumelang Nangkurueh Amiano,1,2026-01-18 09:29:16,aplikasi koncet apalah daftar ga bisa login lupa password juga ga gerak sama sekali kocak,Negatif,0.9329
Ika Safitri,5,2026-01-18 05:13:10,bagus,Positif,0.7057
Imrathul muthi'ah,1,2026-01-18 03:37:10,"aku ga ada keluarkan akun, pas buka lagi lupa pin, pakai lupa pin dong, buat pin baru. dibagian verifikasi kirim kode ke wa ga ada dikirim², udah berulang dibuat tetap ga dikirim. coba dehh buat lupa akun, isi data dari awal dong malah ga bisa ""permintaan anda tidak valid"". terus gimana mau masuk niihhh, tolong lah masa APK ini jelek bangettt, tujuannnya bagus, tapi ga ngebantu malah ngeribetin",Negatif,0.9985
Cuan Terus,3,2026-01-18 00:26:39,"lama ga akses, tau2 data vaksin suami sama anak 3 hilang, yang ada di apk cuma data sy sama anak ke 4, parah...",Negatif,0.9946
Sugitatri Amarillis,1,2026-01-17 12:02:57,mengunduh sertifikat vaksin nya gabisa terus,Negatif,0.9976
Achmad Naam,1,2026-01-17 07:14:49,"masuknya super susah habis waktu di buat aplikasi ini salah terus. pke notel slh pke gmail salah pin juga di perbaiki salah terus. inilah aplikasi mempersulit diri sendiri. Pertanyaan nya,,, jawab sendiri bisa tidak?",Negatif,0.9987
Silva eka Pitri ansyah,1,2026-01-17 05:41:54,"susah masuk pedahal lagi arjent pengen bikin surat vaksin, ini tolong dong di update aplikasinya",Negatif,0.9974
Anggun Realmi,5,2026-01-17 04:35:17,nice,Negatif,0.942
Darwin Ritonga,5,2026-01-16 04:16:23,sangat bagus untuk melihat perkembangan kesehatan secara rutin.,Positif,0.9948
Baiq Dila,1,2026-01-16 04:13:06,"gabisa login katanya gak ditemukan akunnya tapi pas daftar malah katanya akun telah ada, pemerintah kocak negara kocak, apa si yg bisa diandelin dari negara ini kalo aplikasi kesehatan gini aja masih eror",Negatif,0.9976
Ahmad Haical Ramadhan,1,2026-01-16 03:36:52,"Aplikasi edan, selesai ubah pin malah gk bisa masuk, malah muncul pesan ""permintaan tidak valid"", kocak nih aplikasi bobrok.",Negatif,0.9992
Erika Triwahyuningsih,3,2026-01-15 22:21:31,"ini gimana sih, baru mau daftar akun karena salah memasukkan nomor 1 angka aja udah ngga bisa dipake lagi. pake email juga bilangnya nomor sudah terdaftar. tolong dong solusinyaaaa",Negatif,0.9965
christian fernando,1,2026-01-15 20:45:10,"Mau melengkapi data pribadi untuk cek kesehatan gratis tapi ga bisa konfirm karena diblgnya tanggal lahir tidak sesuai dengan NIK padahal sudah sesuai, kalau memang ga sesuai NIK masa iya bisa buat akun nya kan konyol",Negatif,0.994
NUR WAFIQ WARODAT,1,2026-01-15 11:57:00,Kode Verifikasi WA ditunggu sejak SMP sampe skarang gak nongol,Negatif,0.9417
diirgaa hanafii,2,2026-01-15 10:18:32,ga bisa login ke akun yg udah terdaftar 👎🏼,Netral,0.8252
yusniansyah Effendi,1,2026-01-15 03:29:39,"sangat lelet, untuk login menggunakan IKD saja tidak bisa",Negatif,0.9952
Hari Wibowo,5,2026-01-15 02:18:21,"punteun, kok nik sy tdk sm dgn nama sy yah ? siapa yg menginputnya yah ? sedangkan sy mau rubah/koreksi data tp ngga bisa yah, kenapa ? kok aneh pisan yah ?????🙏",Negatif,0.9924
Ilfan Acepp,1,2026-01-14 22:15:21,"apasih gabisa di akses sama skali, pemerintah modal lah dikit buat aplikasi berkualitas jgn kayak gni -_- buat daftar aja gabisa",Negatif,0.9696
Adbond Teguh,1,2026-01-14 05:49:56,"Aplikasinya sangat mantep dan akhirnya muter muter dan sudah diakses, sukses selalu dan selamat gajian tiap bulan 😁",Positif,0.9953
Siti Fitria ulfa,5,2026-01-14 03:57:01,ok,Negatif,0.993
Oemar Oemar,1,2026-01-14 03:56:00,gak ada yg kasi bintang 5,Negatif,0.973
heri rusdi,1,2026-01-13 14:59:52,susah untuk. login,Negatif,0.9928
Syihabuddin,2,2026-01-13 12:45:12,"Saya sudah vaksin miningitis + polio. Tapi kok ga terdaftar di app. Bikin app jadi 1 terpusat dong. Jangan masing masing. Auto uninstall, ga berguna jadi nya. Kaya ga ngerti mau ngapain di app ini.. Cuma buat liat sertifikat vaksin covid doang yang baru jelas terlihat manfaat nya.",Negatif,0.9983
pratiwiafizah Ayu,5,2026-01-13 12:14:57,hasil cek gratis saya d aplikasi blm keluar,Netral,0.9897
Egha Yulianto,2,2026-01-13 10:55:09,kenapa gak bisa login kak ? padahal email sama pin sama ? huhuhuhu,Negatif,0.9938
Rezchy Ayu,1,2026-01-13 08:52:14,"setelah update, sudah 2 hari mau masuk invalid password terus. padahal sudah lupa pass. tetap tidak bisa masuk",Negatif,0.9902
Fahmi Khairudin,5,2026-01-13 06:52:07,"benerin dong dev, verifikasi via IKD stuck loading terus (solved)",Negatif,0.9917
kusnendar kusnendar,5,2026-01-13 03:35:32,sangat membantu semangat moga menjadi amal Sholeh,Positif,0.9926
abadi azrai,5,2026-01-13 03:35:08,pertahankan pelayanan kesehatan yang prima,Positif,0.8069
Jatmiko Ign.,1,2026-01-13 03:07:34,Maklumlah aplikasi buatan pemerintah . kalo ngga error ya tolol,Negatif,0.7979
Muhammad Amin Djiko,5,2026-01-13 02:30:56,senang perilaku kesehatan kita didokumentasi digital. Apalagi sdh terhubung dengan aplikasi samsung health dan ada fitur pengingat minum obat. semoga bisa terkoneksi dg rekam medik kita di faskes ya,Positif,0.9704
Edwin Suwandi,5,2026-01-12 21:04:41,bagus,Positif,0.7057
muhammad yuda nasrullah,1,2026-01-12 06:27:24,tolong ini punya saya dari awal kan salah pin udh di coba ganti tetep ga bisa mohon di perbaiki lagi,Negatif,0.9412
Mk,5,2026-01-12 05:45:18,baik,Positif,0.9268
sefta agustian,1,2026-01-12 04:39:11,"saya udah update dg apk yg terbaru, saya mau masuk koq g bisa ya, udah verifikasi juga masih g bs masuk, udah coba ganti PIN jg, masih aja g bisa masuk, gimana loh kak?",Negatif,0.9662
ga gank,1,2026-01-12 04:06:21,"gak jelas, , mau log in gak bisa, , verifikasi gak masuk, ,hapus aja aplikasi gak mutu",Negatif,0.9987
Umi Sumiyati,5,2026-01-12 02:37:16,bagus banget,Positif,0.9577
neneng sugandhi,1,2026-01-12 01:28:45,program medical check up gratis hadiah ulang tahun buat rakyat..SAMPAH. sudah datang sesuai dng jadwal malah tidak bisa dengan alasan jadwal chek up puskesmas Babakan Madang Kab bogor.dengan aplikasi beda. rakyat disuruh bolak balik.. itupun yang akan dicheck cuman gula darah dan ekg katanya ..,Negatif,0.9968
Hari Susatyo,5,2026-01-12 00:56:58,Aplikasi yang membantu upaya sehat | fiturnya lengkap | mudah dioperasionalkan.,Positif,0.989
Julyan Fahrezy,1,2026-01-11 18:44:32,"ge jelas stuck di PIN mulu, Per Tanggal 12 Januari 2026 belum ada respon sejak diajukan keluhan terkait tidak bisa login sejak 27 Desember 2025 melalui website aduan keluhan,benar2 tidak merespon dan tidak memberikan solusi apapun, dan saya coba lagi dengan reset PIN dan input PIN baru,namun tetap saja muncul ""SEPERTINYA PERMINTAAN ANDA TIDAK VALID"". Lagian kok bisa ya sekelas aplikasi KEMENTERIAN di hack dan jadi tempat JUDOL,perlu dipertanyakan kinerja semua tidak hanya tim IT.",Negatif,0.9986
Hebow Kuswoyo,5,2026-01-11 18:41:00,ok,Negatif,0.993
Azwar Afdillah,1,2026-01-11 12:55:38,"apk sampah, mau masuk akun belum terdaftar, pas mau daftar nomor sudah terdaftar. kan an",Negatif,0.866
Yuli Kuswarlan,5,2026-01-11 12:21:28,bagus,Positif,0.7057
pemmy nusantari putri,3,2026-01-11 11:34:57,lumayan mencatat riwayat pemeriksaan dan jadwal minum obat,Netral,0.9034
Andi Susanto,3,2026-01-11 03:25:37,"aplikasi terhenti ,tidak merespon ,tidak bisa dibuka :(",Negatif,0.9893
Muhamad Alatas,5,2026-01-11 03:03:58,bagus,Positif,0.7057
Akosong LimaS,5,2026-01-10 08:01:17,luar biasa,Positif,0.6541
Irfan Nunge,5,2026-01-10 05:41:30,sangat mudah digunakan,Positif,0.9329
Indriashary,1,2026-01-10 04:02:50,"mau masuk gak bisa pdahal sudah update pin, tapi tetep gak bisa masuk, tolong perbaiki sistemnya",Negatif,0.9648
aiyradiyra LG,4,2026-01-09 23:17:22,"edukasi hasil tiap skrining ditambahkan lagi, atau koneksikan dengan hasil riset atau anamesa dari misal : halodoc atau dokter online lainnya. Oh ya, sepertinya perlu ditingkatkan deh, mau sinkronisasi ke app kependudukan digital selalu lama dan ujungnya gagal",Negatif,0.6079
Dion Wiyoto,5,2026-01-09 14:17:43,semoga sehat selalu,Positif,0.8643
sumisih misih,1,2026-01-09 10:12:57,"mau masuk aplikasi gak bisa lanjut. padahal kode otp dari email sudah dimasukkan. tertulis ""sepertinya permintaan anda tidak valid""",Negatif,0.9949
Anis Habel,5,2026-01-09 09:40:05,mantap,Positif,0.9755
Toat Rozik,1,2026-01-09 02:55:11,"saya kan mau ulang tahun saya coba daftar aplikasi tetep tidak bisa ya tetep gangguan aja, dan datang ke puskesmas katanya belum ter sedia di sini wilayah saya😡",Negatif,0.9761
mahjong ways,1,2026-01-09 00:12:18,"susah pake banget nentuin lokasi untuk akun tertaut,,masa iya di pencarian lokasi nge bug terus ketemunya lokasi aceh terus.",Negatif,0.9976
Seto Bayu,1,2026-01-08 23:40:25,"ngisi data untuk CKG yang bagian jenjang ga keluar opsinya gabisa id skip, gimana cobaa aneh bgt ngestuck disitu",Negatif,0.9971
Notoprojo Fachri,4,2026-01-08 22:00:41,perbaikin lagi bugnya,Negatif,0.9896
bejo adijoyo,5,2026-01-08 16:47:04,oke boss,Negatif,0.8869
nadin aura zafira nadin,5,2026-01-08 13:16:20,sehat selalu,Positif,0.9146
Ciwong Oleng,1,2026-01-08 12:48:48,"daftar cek kesehatan gratis anak sekolah selalu muncul "" permintaan anda tidak valid "" padahal data yang diinput sudah sesuai semua",Netral,0.8031
laksana wati,5,2026-01-08 12:25:36,ok,Negatif,0.993
Nang Randu Utama,5,2026-01-08 11:50:48,mantap,Positif,0.9755
Icha Adelia,5,2026-01-08 11:33:07,IYA BAGUS MANTAP BANGET SETUJU,Positif,0.9476
iik Thoriq Abdul Kholiq,1,2026-01-07 23:30:07,aplikasi belum siap maksain harus dipake,Negatif,0.9933
Tuti Jams,1,2026-01-07 22:40:57,"aplikasi ga jelas, saya belum daftar pas mau daftar malah ga bisa, benerin lagi ni aplikasi",Negatif,0.999
Suratman Suratman,1,2026-01-07 09:58:03,"saya mau login knp tidak bisa? no hp dimasukkan utk kode verifikasi wa tp tidak dikirim melalui wa, buat akun baru juga sama, masukin email/no hp tertera no sdh terpakai, trus mau login harus bagaimana?",Negatif,0.726
Dwi Cahyo,5,2026-01-07 07:38:19,semua baik,Positif,0.9429
Canggih Beni,1,2026-01-07 07:36:29,tidak bisa mengunduh sertifikat vaksin,Netral,0.9778
Maria Damayanti,1,2026-01-07 07:06:43,"tlg ya, kalau blm ada fasilitas utk cek nya di tiap puskesmas, ya ga ush di masukin sbg list yg hrs dicek, anak sy, ada hasil yg di input angka ngasal. (dg alasan gak ada alat nya). jadi kesan nya, utk formalitas saja . kan parah, gawat.. tlg ya pak Presiden diperhatikan. matur suwun",Negatif,0.9919
Hindun Hindun,1,2026-01-07 05:54:22,"ini apk gak jelas bgt ya.. jelas"" data gw falid eh malah di bilang gak falid.. dasar apk nyusahin😈👿",Negatif,0.9993
arfa dean,1,2026-01-07 05:45:21,apk ny jelek gak BS di pake,Negatif,0.9862
Kang Santri,3,2026-01-07 04:22:52,puas,Negatif,0.5249
Agung Firdaus,5,2026-01-07 03:35:14,ok,Negatif,0.993
Nayla Salwa,1,2026-01-06 21:55:19,"ga jelas ini apk, pas mau isi skrining fisik malah ga bisa. Udah dicoba kaya gimanapun. Akhir saya apus, pas saya login lagi pake sandi. Malah salah, pas udah dimasukin email dan no.telp malah dibilang ga valid dan malah ga ke kirim kode nya.",Negatif,0.9977
Doni Setiawan (Doni setiawan),1,2026-01-06 14:27:40,verifikasi nya setahun lama banget bikin emosi,Negatif,0.9945
Haryani Ade,2,2026-01-06 12:51:41,tidak bisa di akses,Negatif,0.6566
Hary Kazama,5,2026-01-06 12:03:35,"Aplikasinya ga jelas, verifikasi lemot. modal pemerintah di kemanain kok maintenance saja buruk. Kecewa.",Negatif,0.9994
nurmi tubagus,1,2026-01-06 11:19:51,saat masuk langsung diminta pin. sudah ganti pin tapi masih tidak bisa masuk. tolong Kemenkes perbaiki aplikasinya. jangan cuma menuntut masyarakat pakai aplikasi tapi fasilitasnya tidak memadai. menyusahkan saja.,Negatif,0.9984
Didi Nuridi,1,2026-01-06 10:08:45,ga bisa login dan force close,Netral,0.992
Atik Muthmainnah,1,2026-01-06 08:06:53,aplikasi eror uda ganti pin lupa pin tetep tidak bisa. sekelas kemenkes bikin aplikasi tapii kenapa hasilnya kek ginii😭,Negatif,0.9969
Yope Anggriawan,1,2026-01-06 05:54:57,gk bisa login berkali2 kecewa padahal minta reset pass ttp gk bisa login pdhl butuh sertifikat vaksin buat kerja !!!!,Negatif,0.9962
Arnaedi Ama,1,2026-01-06 04:54:36,errror terus biat akun no hp sudah dipakai terus...,Negatif,0.9947
Raain Kawula Widodo,4,2026-01-06 02:29:49,hasil pemeriksaan tdk update,Netral,0.5492
Firerza Kandhi Wrahatnala,5,2026-01-05 21:51:48,bermanfaat untuk penjadwalan kesehatan,Netral,0.6974
Agung Sutrisno,5,2026-01-05 02:36:36,sangat membantu cek riwayat kesehatan,Positif,0.9444
Basir Basir,2,2026-01-05 01:38:32,"sudah vaksin dosis 2 dari tahun 2021, tapi sertifikatnya cuma sampe dosis 1, padahal mau buat nyari kerja, kalo bikin apk yg bener dongg",Negatif,0.989
Abu Nawas,1,2026-01-04 11:25:11,baru mau coba mudahan berguna dan gk ribet proses verifikasinya,Netral,0.5864
sekar sekar,5,2026-01-04 08:21:24,Puas Sekali,Positif,0.6619
yasir ngali,5,2026-01-04 03:11:48,"mantab gan, membantu untuk hidup tetap sehat",Positif,0.9728
Muhammad Agung,5,2026-01-03 12:58:40,Mantap sekali,Positif,0.9945
Umi Laela,5,2026-01-03 10:52:35,sangat bermanfaat,Positif,0.985
Bang Amin,5,2026-01-03 10:32:38,kontrol diri sendiri,Negatif,0.7955
Pak Muji,5,2026-01-03 08:12:23,sangat bagus,Positif,0.9966
Uun Nurmilah,5,2026-01-03 01:48:24,Lancar,Positif,0.3723
Jonathan Reza Pahlawan,4,2026-01-02 18:55:43,bagus melindungi pasien untuk kesehatan,Negatif,0.3702
Dede windi amelia,1,2026-01-02 12:54:39,"saya mau masuk ke akun saya udh lama buat, ga saya apus jg tpi knp mau verivikasi kode lewat wa ga muncul"" kode nya udh dicoba brp kali",Negatif,0.9331
Made Adnyana,5,2026-01-02 06:35:39,"baik, terbantu",Positif,0.6489
Dewi Putri,1,2026-01-02 03:02:47,"aplikasi gak jelas, belum pernah ganti PIN waktu mau login gak bisa, sudah pake fasilitas ""lupa PIN"" trus ganti, masih ga bisa login selalu muncul ""permintaan anda tidak valid"" 🤮",Negatif,0.9932
budi setiawan,5,2026-01-02 01:54:57,sangat membantu saya,Positif,0.9762
wawan setiawan,4,2026-01-02 00:44:03,menambah pelayanan,Netral,0.8945
Bambang Utoyo,5,2026-01-02 00:26:33,Aplikasi bagus,Positif,0.9968
Nur Imania,1,2026-01-01 11:29:44,"Sebenernya cukup terbantu untuk pemeriksaan kesehatan gratis dengan aplikasi ini. Tapi sangat mengecewakan ketika tidak bisa memberi penilaian terhadap hasil tes yg tidak relevan yg diisi oleh pihak puskemas. Masa saya tidak dites gula darah dan kolesterol, di hasil tes tertulis normal semua. Tensi tinggi ditulis normal, bahkan saya tidak cek EKG dibilang hasil bagus. Sangat berbohong pihak puskesmas mengisi data tersebut.",Negatif,0.9961
Aurora Ayara,1,2025-12-31 08:49:20,aplikasi gaje. NIK benar kok di keterangan NIK salah.,Negatif,0.9541
taburays kulama,2,2025-12-31 05:54:15,membantu apk ini,Negatif,0.482
Jack Rian,5,2025-12-30 22:44:28,keren,Positif,0.994
Wahyudaagungnugroho Nugraha,5,2025-12-30 17:36:39,baik,Positif,0.9268
Hevi Putri mayang,1,2025-12-30 15:20:30,"ga daftar buat skrining kesehatan tapi ada datanya itu kek mana???? nama anak lagi bisa2nya asal isi dan ambil data seenak jidatnya, apk pemerintah kapan sih bisa diksh rating 5?? ga pernah bener",Negatif,0.9969
Bryan Waldy Frederik Rahim,1,2025-12-30 13:58:09,TIDAK BISA LOGIN. HALAMAN MASUKKAN PIN BERMASALAH,Negatif,0.9907
ujang inurgianto,5,2025-12-30 12:44:56,Alhamdulillah...saya mudah mendapat informasi..,Positif,0.9909
jufri64 H JUFRI,5,2025-12-30 11:16:13,pelayanannya lancar,Positif,0.9789
zainal asyikin,5,2025-12-30 08:32:49,smart educational health care. sangat membantu monitoring kesehatan pribadi dan keluarga. sukses selalu SATU SEHAT.,Positif,0.9432
fatnur layla,3,2025-12-30 06:57:51,"sesuai pengalaman saya, pernah mendaftar antrian secara online melalui aplikasi ini, namun belum dilayani malah diaplikasi keterangan sudah selesai dilayani.",Negatif,0.9501
Sugeng Riyanto,5,2025-12-30 05:17:55,ketahuan penyakitnya,Negatif,0.9865
Nazara,5,2025-12-30 04:28:39,sangat cepat,Positif,0.9624
Muh Ismail,5,2025-12-28 08:15:55,aplikasi nya maantap,Positif,0.998
Fadri Supri,3,2025-12-28 02:19:50,"permisi min, ijin menyampaikan aspirasi pendapat. kenapa tidak digabung ke jkn mobile min? agar satu pintu. daftar di rumah sakit kecil tapi data jga bisa terbaca di RS besar. terimakasih",Negatif,0.5514
Ryanti Puspa,3,2025-12-28 01:22:01,puas,Negatif,0.5249
Dino Darto,3,2025-12-27 10:23:44,"aplikasi ribet,bulak balik suruh ganti pin sudah,masukan nik sudah dll,tetap aja pin tidak valid. susah login aneh",Negatif,0.9982
Devirika,1,2025-12-26 23:43:18,"buruk sekali, saat pengisian data domisili saya nggk ada lalu saya buat pengaduan ke email, di balas lama banget dan jawaban gak sesuai dan nggak nyambung itupun pake jawaban otomatis, yang disalahin malah datanya padahal yg salah aplikasinya😂 genah pora??? seriusan loh masa apk dari pemerintah kaya gini yang kerja niat apa engga??",Negatif,0.9993
Muhammad Fahmi,5,2025-12-26 14:02:48,Alhamdulillah sgt membantu,Positif,0.995
Afryan Hamzah,1,2025-12-25 06:51:24,"kesulitan login, malah yang ada tidak valid, dan udah hubungi helpdesk nya ,gada respon",Negatif,0.9894
Cecep Sukmapurnama,5,2025-12-25 04:06:54,"Satu sehat mudah di gunakan,banyak informasi tentang kesehatam",Positif,0.99
Surahman Gurusinga,1,2025-12-24 12:05:16,Coba dulu,Netral,0.9901
Miftahul Huda,1,2025-12-24 09:15:38,"Aplikasi mau masuk susah, harus gonta-ganti pin ngak jelas",Negatif,0.9959
Rais Imaduddin,5,2025-12-24 07:56:24,oke,Negatif,0.9073
Putri Aryani,1,2025-12-24 04:33:22,"Tidak bisa login walau sudah ganti pin, yg ada permintaan tidak valid terus, sudah komplain via web juga tapi belum di respon.makasih",Negatif,0.9923
Anwar Sanusi,1,2025-12-24 02:34:39,"login email, pasword benar.. tapi susah masuk. banyak bug.",Negatif,0.9919
Cen fung,5,2025-12-24 01:00:11,Sangat bagus,Positif,0.9948
Firsah F,1,2025-12-23 23:07:14,setelah diupdate malah tidak bisa masukkan pin. sudah ganti tapi tetap sama tertulis permintaan tidak valid,Negatif,0.9877
Yusbar Yusuf,5,2025-12-23 22:46:57,mantap,Positif,0.9755
alaika _,1,2025-12-23 13:19:18,"ga bisa masuk, padahal udah ganti pin. 2x kayak gini. Dana buat perkembangan aplikasi apa kurang? Punya pemerintah loh dari Kemenkes masak sekelas Kemenkes aplikasi jelek butur kayak gini, eh tapi aplikasi dari pemerintah Konoha ini emang jelek jelek. Itu dana kurang apa dikorupsi besar besaran?",Negatif,0.9971
Johan Tamsil Lie,1,2025-12-22 16:21:26,aplikasi busuk buang2 uang rakyat,Negatif,0.9987
budi anur,5,2025-12-22 13:52:42,gasken,Netral,0.7218
Widd_ya 0003,1,2025-12-22 07:14:44,"kirain lupa pin, tapi udah berulang kali ganti ttp d bilng salah pin nya , tiba2 error",Negatif,0.9883
Wahyudin,5,2025-12-22 04:09:43,"membantu, tks",Positif,0.4788
Yesika Agusmi Rahayu,1,2025-12-21 23:51:34,Aplikasi error force close ketika login atau setelah memasukkan pin dengan benar.,Negatif,0.9291
HARTOWO RAHARDJO,5,2025-12-21 15:48:09,Lebih Baik Mencegah Daripada Mengobati,Negatif,0.8915
Eva Eva,5,2025-12-21 15:38:14,CARA PENGGUNAANNYA GMNA KAK,Negatif,0.8659
Achmad Cholid,1,2025-12-21 14:18:34,aplikasi kementerian sekacau ini.. verifikasi WA dan Email ga ada yg masuk,Negatif,0.6514
ROY ambarita,1,2025-12-21 14:13:46,Aplikasi yang berbau pemerintah tidak ada yang bagus banyak yang bermasalah.,Negatif,0.9992
MUHAMMAD NAZRIL ILHAM,1,2025-12-21 09:01:07,aplikasi jelek saya login akun malah muncul akun tidak ditemukan padahal dulu login pakai akun ini malah hilang padahal saya mau ambil sertifikat vaksim sayaa malah gabisa,Negatif,0.9965
Endah Erini,1,2025-12-21 05:56:57,"aneh, sy blum melakukan tes kesehatan ,tapi hasilnya sudah ada",Negatif,0.9772
Spanca SOUNDPUNK,1,2025-12-20 16:15:14,memang aplikasi buatan negara atau instansi pemerintah gak ada yang bener.. mau daftar antrian pakai online tapi gaj bisa karena tiba tiba dari aplikasi sendiri yang menentukan tempat dan waktunya. lalu mau verifikasi data masukan kode otp sudah benar katanya gak pernah benar. saya bisa baca tulis saya masukan kode yang benar di anggap salah. ya allah tolong,Negatif,0.9972
Anggita Safitri,1,2025-12-20 12:13:56,"INFO DONG,KO GAK BISA LOGIN DI HP KU YANG SATU YAA,PADAHAL SUDAH KELUAR DI HP LAMA.PAS MAU LOGIN KE HP BARU GAGAL TRUS",Negatif,0.9924
Tanrianto Andhika,1,2025-12-19 16:00:28,"setelah diupdate, malah ga bisa log in terus dengan alasan permintaan tidak valid",Negatif,0.9954
Ramlah Aidid,3,2025-12-19 07:49:41,kalau mau buka / masuk jgn pakai email cukup pakai no hp saja👍,Netral,0.9875
Rian Partirawa,1,2025-12-19 06:52:49,aplikasi sering ERROR dan ga bisa login.,Negatif,0.9897
Bangkit Permana,1,2025-12-19 02:41:56,tidak bisa bukak verifikasi satu sehat agak kesel,Negatif,0.9599
Budi Santoso,4,2025-12-18 14:24:07,"Semoga tidak hanya sekedar Aplikasi, namun benar benar dapat menjadi dasar terjaminnya kesehatan dan kemaslahatan masyarakat Indonesia",Positif,0.9294
Winy (Refrain),1,2025-12-18 04:09:45,"cape banget pake aplikasi begini. mau akses malah login ulang, udah masukin password malah salah, klik lupa password buat password ulang, pas masukin password yg baru malah permintaan salah lah. konyol",Negatif,0.9963
Derio Nurfajar,1,2025-12-18 02:20:26,sampah banget ini apk pemerintahan . waktu di vaksin maksa harus.. sekalinya nyari kerja harus pake kartu vaksin. sekarang apk nya aja ga bisa dibuka setiap verifikasi nomor di email. permintaan tidak valid terus!! tolong dong jangan dibkorup terus duit nya.,Negatif,0.9994
Dadang Windi,1,2025-12-17 13:17:49,susah,Negatif,0.9965
VEXANA,1,2025-12-17 11:18:55,"sekelas negara kok bisa bikin apk modelan kek gini, gjelas",Negatif,0.9966
Mila Songan,1,2025-12-17 04:39:40,setelah memasukan PIN aplikasi tertutup sendiri,Netral,0.9948
yoel dagasou,5,2025-12-17 03:40:02,good,Positif,0.7423
Tomy Setio Wicaksono,5,2025-12-16 21:25:27,Baik. Benar. Manfaat.,Negatif,0.6146
ISTANA TAMAN HATI,1,2025-12-16 17:32:54,"jdi kaya gini,banyak diubah ubah jdi gk kaya dulu,liat surat sertifikat paksin yang kemarin juga udh gk ada.",Negatif,0.996
Phutra Lalan,1,2025-12-16 02:53:09,"sudah punya akun. gak bisa masuk, sudah ganti pin masih tidak bisa masuk. pakek metode masuk dengan IKD masih tetep gak biasa masuk. pakek lupa akun juga gak bisa. pakek daftar ulang juga gak bisa.",Negatif,0.9808
Indriana,1,2025-12-16 02:36:51,udah uninstall tetep gabisa masuk kenapa ya,Negatif,0.9898
Lasimin 1212,5,2025-12-16 01:51:16,top,Positif,0.5341
Nungki,3,2025-12-15 12:29:21,"pernah denger kalo apk ini data diri masyarakat prnh bocor,semoga kedepannya tolong untuk diamankan lagi data2 penting milik masyarakat,takutnya digunakan utk hal yg buruk,tolong untuk menjaga privasi data kami semua masyarakat yg sudah pakai akun ini 🙏🙏🙏minta tolong banget min",Negatif,0.9211
Mufthika Dewi,1,2025-12-15 08:08:06,saya ga merasa daftar tetapi kenapa mendapatkan WA dari kemenkes bahwa saya telah melakukan tes kesehatan gratis dan hasilnya pun tidak sesuai tolong dong jangan asal isi atau daftarkan lebih diperhatikan lagi Aplikasi nya agar tidak terjadi kebocoran data,Negatif,0.9773
angkasa tu,2,2025-12-15 03:53:15,"ini jenjang pendidikannya gabisa dipencet ga bisa diiisi samsek, jd gabisa ngisi data lengkap, udah di coba berkali2 di refresh juga gabisa2, tolong diperbaiki segera.",Negatif,0.982
Sariman Syukur,5,2025-12-14 11:34:21,bagus,Positif,0.7057
Fadjhar Toealecka,1,2025-12-14 05:55:09,parah tidak bisa login,Negatif,0.8276
Zhafira Qisya,2,2025-12-14 04:01:40,susah bgt buat verifikasi data. minta no tlfn udh diisi tp ttp aja g ditemukan. pertma daftar isi ttl masa g bisa diverifkasi jg ttlnya. capek bgt. buat apa bikin beginian tp bolak balik ngisi data diri salah mulu,Negatif,0.999
RIZKI TRI WAHYUDI,1,2025-12-13 10:50:15,SUDAH MENGISI LINK YANG DI KASI SAMPAI SAAT INI BELUM ADA TINDAKAN SAMA SEKALI? BAGAIMANA INI? TIDAK ADA SOLUSI SAMA SEKALI,Negatif,0.9986
Reyy Kun,1,2025-12-13 05:56:24,"aplikasi sampah pemerintah cuma bisa ngehabisin dana buat korup aja ya? di update harusnya bagus malah lemot+erorr lawak. LOGIN PAKE PIN YG SAMA DI BUAT AJA MALAH GAK VALID DI GANTI PUN TETAP SAMA, AGAK RAGU SAMA HASILNYA SOALNYA YG DI CEK CUMA YG ADA KELUHAN UNTUK MCU, KATANYA UNTUK PENCEGAHAN DINI JUSTRU ITU YG KITA TIDK TAHU ITU HARUS DI CEK SEPERTI ASAM URAT + KREATININ SAMA UREUM LAH AKU CUMA ASAM URAT AJA YG DI CEK BAGAIMANA INI MUAK BANGET",Negatif,0.9988
Mujib Burrohman,1,2025-12-13 05:22:39,gak guna bgt,Negatif,0.9986
Uud Takhrudi,5,2025-12-13 01:40:43,"Aplikasi yang sangat membantu bagi masyarakat penyebaran vaksinasi, rekam medik dll. Maaf, kalo udah keluar dari aplikasi, mau masuk lagi susah banget. Terima kasih",Positif,0.8658
Call Me AIL,3,2025-12-13 01:39:14,"aplikasi sama prakteknya/pihak nakes, itu ga sinkron,masih seperti masing² saja...fitur² aplikasinya masih spt dekorasi sj.",Negatif,0.6524
Jihan Syafi'ah Nashiroh,3,2025-12-12 18:07:45,"Di update bukannya membantu tapi malah mempersulit, ini gimana caranya ambil antrian ke faskes pertama kalau vitur nya hilang gitu. Gimana sih gajelas aplikasi gak guna!",Negatif,0.9988
Rizky Ramadini Febrinda,1,2025-12-12 05:08:18,Tidak bisa ganti pin untuk masuk. ketika pin sudah ganti tetap tidak bisa masuk. alasannya 'sepertinya permintaan anda tidak valid'. sudah terjadi selama 2 hari. sudah pakai email dan nomor terdaftar pula. Terlalu menyulitkan pengguna.,Negatif,0.9985
Joe (Ghanthenk),5,2025-12-11 16:54:48,ok,Negatif,0.993
Wahyu Satoto,1,2025-12-11 12:45:41,sudah ganti pin tetap aja nggak bisa akses,Negatif,0.6671
Apa Lu,1,2025-12-11 11:54:33,GAK BISA LOGIN PADAHAL OTP YG DIMASUKKAN SUDAH SESUAI KONYOL BANGET NI APLIKASI,Negatif,0.9865
Kinoman T,1,2025-12-11 11:11:07,masukkan kode otp sudah benar malah tidak valid. ubah pin berhasil malah tidak valid saat login. hapus aja apk ini,Negatif,0.9862
Derry Harristian 05,5,2025-12-11 10:41:00,Agak sulit sedikit,Negatif,0.9859
YUNIE NURAENI,2,2025-12-11 07:04:25,kenpa saya tidk bisa masuk kedalm akun? kata sandi salah mulu! sudh saya ganti tetep slaah...,Negatif,0.9982
asra jr,2,2025-12-11 06:31:34,saya mau masuk g bisa terus padahal sandinya udah bener,Negatif,0.9441
Henix Setya,4,2025-12-11 03:00:54,mau daftar tapi tidak ada verifikasi yang masuk gimana solusinya kak,Netral,0.5594
hii lily!,1,2025-12-10 02:55:55,saya pernah vaksin tapi pas mau liat sertifikatnya ko tulisannya tidak ada riwayat vaksin ya?,Netral,0.722
Hidayatullah Prince,5,2025-12-10 01:33:15,mamtap,Netral,0.8777
El Vina,2,2025-12-09 21:42:51,"gue gak paham lagi, aku mau coba daftar pakek email atau pakek nomor telpon sama aja. Katanya email dan nomor udah di terdaftar. aku kira udah terdaftar dan begitu memang prosesnya. pas login, kagak bisa masuk dan tak terdaftar. tolong banget di perbaiki dong. inj kan aplikasi pemerintah. masak kualitas nya jelek banget. 🙏",Negatif,0.9987
Munirah RX,1,2025-12-09 12:50:49,Aneh banget ibu gue kaga ngikut cek kesehatan gratis tiba2 dapet wa tiket ckg dan selang 1 menit langsung keluar hasil pemeriksaan. manipulasi banget!!,Negatif,0.9992
Karmila Micha,1,2025-12-09 10:43:19,knpa ini akun satu sehat sering skli minta update bikin bosan bagi kami yg mengunakan apk satu sehat,Negatif,0.9899
Yani Ra,1,2025-12-09 05:34:20,kenapa GK bisa akses masuk ? SDH masuk pasword langsung keluar???? tolong di perbaiki BPJS inib!,Negatif,0.9883
Hadi Siswanto,5,2025-12-08 11:24:28,okok okokok,Negatif,0.9439
AldyKhap _,5,2025-12-08 09:28:28,good,Positif,0.7423
Jaffar.M Ghoffar,1,2025-12-08 09:16:51,"eror akun sesuai tapi tidak bisa masuk, pin sudah sesuai padahal ANEHHH BANGETTTT",Negatif,0.9828
Zahratu Fuady,5,2025-12-08 08:04:46,"klo bikin aplikasi yg bagus dong jng yg murah, buat ngecek aja gak bisa apalagi donlot sertifikatnya, bikin malu.",Negatif,0.9972
tri trita tami,5,2025-12-08 08:01:39,bagus cepat,Positif,0.9747
Angga Yunandha,5,2025-12-08 07:58:17,sangat bagus dan keren,Positif,0.9954
m majan,5,2025-12-08 07:05:46,sudah bisa setelah di update.... tp login pake ikd nya ga bisa,Netral,0.704
Mar Linda,5,2025-12-08 06:54:13,terbaik,Positif,0.7627
Lidya Desmita,5,2025-12-08 06:49:30,terbaik,Positif,0.7627
rieza zulfahmi,5,2025-12-08 05:43:20,sudah bagus,Positif,0.9447
farida fiorentina,5,2025-12-08 05:31:03,sangat bagus,Positif,0.9966
Nok Titi,5,2025-12-08 05:26:02,the best,Netral,0.5087
Bebek Ayam Bumbu Hitam Madura,5,2025-12-08 05:14:12,aplikasi yang sangat membantu kami.. terimakasih,Positif,0.9897
Muhammad iqbal,5,2025-12-08 05:13:29,mudah digunakan dan user friendly,Positif,0.8782
zara,5,2025-12-08 05:11:05,very useful,Negatif,0.8732
abdul mujab,5,2025-12-08 04:49:28,oke,Negatif,0.9073
Rizki Batara,5,2025-12-08 04:48:23,smart app for health,Netral,0.7449
Suriyaningsih,5,2025-12-08 04:39:52,good,Positif,0.7423
Alvita Dwi Lestari,5,2025-12-08 04:39:05,aplikasi keren,Positif,0.8701
Anisha rizal,5,2025-12-08 04:36:50,bagusss,Positif,0.9156
Adel Noermalisa,5,2025-12-08 04:19:05,hari saya cek kesehatan,Netral,0.9494
Jihann Nblh24,5,2025-12-08 04:18:20,bagus dan rapih enak,Positif,0.9983
Dewi Yuliani,5,2025-12-08 04:08:23,Sangat bagus utk riwayat kesehatan,Positif,0.9934
Sunardi 46,1,2025-12-08 04:05:57,"ga jelas bgt, masukan no HP katanya udh dipake, masukan email jg ga bisa, udh foto KTP jg tetep ga bisa masuk, rugi waktu untk instal",Negatif,0.9968
rabda febianto,1,2025-12-08 03:43:20,"tidak bisa login pake metode apapun. sekalinya bisa login, sudah ada data hasil pemeriksaan yang saya tidak pernah lakukan dengan nomor tlp yg beda. sudah kirim aduan ke help desk tapi belom ada respon.",Negatif,0.9931
Larno Larno,5,2025-12-08 03:35:44,aplikasi bagus,Positif,0.9892
esi meilanie,5,2025-12-08 03:25:30,hkn oke,Negatif,0.9184
Ancestor Ji,1,2025-12-08 03:08:28,"Aplikasi paling jelek, karya pemerintah, susah sekali mengubah data pribadi, susah sekali ngecek sesuatu tanpa aplikasi ngecrash dan kembali ke menu awal, ini kayak buatan anak magang sekolah.",Negatif,0.9986
Jati Susilo,5,2025-12-08 03:02:46,bagus,Positif,0.7057
Dana Cepat Solo Raya,5,2025-12-08 02:57:43,bagus,Positif,0.7057
Pesta l Samsida,5,2025-12-08 01:22:23,support sistem banget nihh,Positif,0.9532
Liza Setyaningsih109,5,2025-12-07 14:24:22,bagus,Positif,0.7057
melampauikabut,1,2025-12-07 12:20:04,"banyak bug, stress",Negatif,0.9902
Abid TV,5,2025-12-07 10:04:34,Bagus,Positif,0.9916
Jaharuddin Harahap,5,2025-12-07 09:19:03,bermanfaat,Positif,0.848
Aditiya Rasyid,2,2025-12-07 09:16:20,apk nya aneh masak nik nya GK bisa di rubah tolong di perbaiki LG apknya🙏,Negatif,0.9634
eko beli,5,2025-12-07 08:54:38,ok,Negatif,0.993
Suhartini Soekardjo,5,2025-12-07 08:29:30,bagus,Positif,0.7057
Dewi Tanjung,5,2025-12-07 08:28:57,sangat mudah,Positif,0.9278
Ahmad Hendra Marfiadi,5,2025-12-07 08:20:33,dapet voucher boss,Netral,0.9895
Muhammad Hilman Nukas,1,2025-12-07 08:18:37,ga bisa masuk udh hpir 1thn,Negatif,0.9115
Muhamad Sofyan Lausiry,5,2025-12-07 08:03:08,keren dan top,Positif,0.9927
Birkah Syahid,5,2025-12-07 07:56:29,keren,Positif,0.994
Daru Rahmanto,5,2025-12-07 07:55:40,keren permainannya,Positif,0.9818
dewi rahmadani,5,2025-12-07 07:43:51,sangat bermanfaat,Positif,0.985
Azahra nadiza,5,2025-12-07 07:41:34,lebih mudah dan keren,Positif,0.9815
Ahaz Limala,5,2025-12-07 07:23:28,mantap,Positif,0.9755
muhdaniar Juni,5,2025-12-07 07:16:45,bagus,Positif,0.7057
bahrul arifudin,5,2025-12-07 07:16:26,keren,Positif,0.994
Asri Dorisman,5,2025-12-07 06:51:11,terbaik inovatif,Positif,0.9457
Anya Forger,5,2025-12-07 06:46:16,baik,Positif,0.9268
Maulinda Eka Kusuma Wardani,5,2025-12-07 06:38:09,sangat membantu dan menarik aplikasinya,Positif,0.9852
Yunita Dewi Trisnasari,5,2025-12-07 06:35:59,mantap,Positif,0.9755
Rachel Novelia,5,2025-12-07 06:34:16,aplikasi yang berguna,Positif,0.5646
Abdul aziz Husain,5,2025-12-07 06:24:53,app bermanfaat 👍🏻,Positif,0.9281
Sari,5,2025-12-07 06:24:26,mantap baguss,Positif,0.9979
Bayu Aziz Saputra,5,2025-12-07 06:20:15,mantap,Positif,0.9755
thahara salsa,5,2025-12-07 06:17:09,pelayanan sangat memuaskan,Positif,0.9974
ichwatunnida sanjaya,5,2025-12-07 05:59:55,aplilasi baik mnatap,Positif,0.956
Andini Hendrawati,5,2025-12-07 05:40:00,aplikasi satu sehat memudahkan,Netral,0.9762
Riri Andyta,5,2025-12-07 05:39:19,semoga sehatt semua kita.....😃,Positif,0.9242
Merdeka Sukmana,5,2025-12-07 05:38:42,semoga sehat,Netral,0.7438
lina amrini,5,2025-12-07 05:15:42,aplikasi nya sangat membantu,Positif,0.997
Bayu Purnama Putra,5,2025-12-07 05:14:11,aplikasi bermanfaat,Netral,0.4848
Ahmad Bukhori,5,2025-12-07 05:13:01,slalu sukses,Positif,0.5106
Dirham Dir,5,2025-12-07 04:39:12,ok,Negatif,0.993
fika rahmadewi,5,2025-12-07 04:36:48,ok,Negatif,0.993
Armilda Sartika,5,2025-12-07 04:31:40,sangattt bagusss,Positif,0.9963
Satria Sudrajat,5,2025-12-07 04:04:54,sukses selalu,Positif,0.9856
Rizka Fauzia,5,2025-12-07 04:03:21,mantap,Positif,0.9755
Yanti Yuki,5,2025-12-07 04:00:47,sehat untuk semua,Positif,0.6075
Nuraini Aini,5,2025-12-07 03:50:45,keren,Positif,0.994
Jeni Rahman,5,2025-12-07 03:39:39,kerenn bermanfaat,Positif,0.5309
Najmi Firdaus,5,2025-12-07 03:31:44,mantap kereeen,Positif,0.9976
Mohamad hadi Subrata,5,2025-12-07 03:29:17,sehat selalu,Positif,0.9146
Amar Ghani,5,2025-12-07 03:27:55,"Aplikasi nya banyak fitur, UI nya bagus",Positif,0.9958
Trivano Lenakoly,5,2025-12-07 03:19:06,mantaap,Netral,0.6881
budi pram,5,2025-12-07 03:12:55,"sudah lama donlot, memang sangat bermanfaat utk kesehatan saya",Positif,0.9559
Marda Nengsi,5,2025-12-07 03:09:34,sangat membantu kehidupan,Positif,0.9825
Parmi Rosdianah,5,2025-12-07 03:05:55,mantap,Positif,0.9755
Woko Rasadesha,5,2025-12-07 03:04:27,mantap pelayanannya,Positif,0.9954
Fachrudin Ali,5,2025-12-07 02:59:37,bagus aplikasinya,Positif,0.9535
shintia novari,5,2025-12-07 02:55:21,"bermanfaat sekali, aplikasi berjalan baik",Positif,0.9892
Omega comet,5,2025-12-07 02:54:49,lumayan,Positif,0.7294
telly verawati,5,2025-12-07 02:51:11,ok banget,Negatif,0.997
Babe Echa,5,2025-12-06 20:24:20,Sudah banyak kemajuan di aplikasi ini dan terus dipertahankan serta dikembangkan lebih lanjut agar lebih menarik,Positif,0.9825
Aji Azhari,3,2025-12-06 12:41:04,"Tidak bisa log in, pin tidak valid padahal udah diganti dg yg baru ttep tidak valid",Negatif,0.9937
Rizal Abdul Ghani,1,2025-12-06 11:12:17,"aplikasi rusak, udah bikin akun trs pas masuk malah tidak valid padahal udah jelas banget pin bener rusak rusak",Negatif,0.9981
Yoseph Aprilian Bintang Wijaya,1,2025-12-06 11:07:40,"Aplikasinya di cari gak ada di menu aplikasi di hp kayak hantu dan suka berjalan sendiri di belakang layar kayak mata-mata, harus ceknya lewat setingan langsung aplikasi manajer baru ketemu dan sekarang saya uninstal karena udah gak jelas aplikasinya dan membahayakan privasi menurut saya.",Negatif,0.998
sartika utami,1,2025-12-06 11:06:13,"CKG udah sebulan lebih, hasilnya blm muncul jg d aplikasi. kayak gak guna bgt",Negatif,0.9932
Nur Amanah,1,2025-12-05 14:56:35,"dulu akun saya daftar, skrng login malah jadi nama mamak saya aja, dulu data semua anggota masuk, sekarang cuman data mamak saya, jelas-jelas juga saya yg daftar, aneh banget diupdate bukannya malah bagus malah makin jelek",Negatif,0.9983
Nur Ismi,1,2025-12-05 04:31:30,kok tidak bisa dibuka sih. ini sudah di lupakan kah??? kalo mau update jangan lupa akunnya di sinkron dengan mobile jkn. kan satu email satu ayok jlcoba dihubungkan sebatas web atau mengarah ke satu sehat boleh. INI APLIKASINYA TIDAK BSA D BUKA. POPUP APLIKASI TERHENTI.,Negatif,0.9902
Marno Kamso Toyadi,1,2025-12-04 15:09:58,setelah diupdate. setiap dibuka force close. padahal audah sudah instal ulang.,Negatif,0.9467
Dina Olifia,5,2025-12-04 15:05:39,awesome,Negatif,0.8494
sam hadi,2,2025-12-04 12:33:09,"bagaimana cara login dengan beda no hp tp masih email yang sama?sudah di coba berkali2 login dengan email tetap tidak bisa masuk,mohon bantuannya",Negatif,0.828
Aden Bhodrex,1,2025-12-04 08:20:38,"niat bikin aplikasi ga sih, ngirim kode verif aja lama nya minta ampun",Negatif,0.9923
Asep Somarih,1,2025-12-04 04:48:05,PIN sudah benar tapi permintaan anda tidak valid. Maksudnya apa setelah diupdate kok jadi error apknya,Negatif,0.9684
Tania Rina,1,2025-12-04 01:40:45,tgl yg dipilih tnyta puskemasnya gak melayanin cek kesehatan mau reschedule malah ga bsa.,Negatif,0.9963
Paseli Patrisius,1,2025-12-03 11:49:04,"Aplikasi error niih kode OTP nya benar dibilang salah, jadi bingung. Trus ganti kirim ke no wa gak bisa diklik jadi 6 kotak kode OTPnya gak bisa diisi",Negatif,0.9971
riska sari,1,2025-12-03 09:58:11,"sulit untuk masuk ke aplikasi,,,",Negatif,0.9976
Mama Kamu,1,2025-12-03 06:22:00,"Saya tidak merasa mendaftarkan diri saya untuk Ngecheck kesehatan saya, dan tepat hari ini 03/12/2025 pagi menjelang siang saya mendapatkan pesan dari kemenkes bahwa saya akan di check dihari ini, padahal saya tidak mendaftar sama sekali, kemudian saya download aplikasi satusehat, dan Ngecheck tiket dan disitu tidak ada tiketnya, kemudian saya mengecheck di hasil pemeriksaan ada hasilnya, padahal belum ada ke puskesmas yang ditujui di hasil tersebut, kenapa bisa kesehatan saya sudah ter check?",Negatif,0.9706
Ardiiiy,1,2025-12-03 04:04:17,pin udah bener gabisa masuk,Negatif,0.9459
Hasbi Hizbullah,1,2025-12-03 03:11:09,"mau cek tiket pemeriksaan, pas verifikasi data diri malah gk bisa milih jenjang kelas, giliran bisa malah asal sekolah nya yang gk bisa dipilih",Negatif,0.9799
Angga Gumilar,1,2025-12-02 21:34:50,"parah abis,, gagal login terus.. dibilangnya permintaan kami gak valid,, padahal aplikasinya yang gak jelas.. kocak..",Negatif,0.9984
Ardie Acho,1,2025-12-02 14:57:38,"sumpah Ini Aplikasi pemerintah, Jelek nya minta Ampun Susah bgt Di akses ribet rumit, Ini aplikasi Untuk warga tapi kenapa butut bgt bgini sih, Ngisi data aja ribet banget. harus masukin semua satu persatu data keluarga GK ada sinkronisasi dari satu Nik untuk ngebaca data keluarga... ampun dahh mending GK usah bikin² aplikasi Ribet bgini gagal Total ini saya di arahkan puskesmas untuk ambil sertifikat imunisasi anak di aplikasi ini. kesel nya ke ubun²",Negatif,0.9991
MHD Yunus,5,2025-12-02 14:53:08,tolong kasih yang terbaik ya bang,Positif,0.9863
Ande Irawan,5,2025-12-02 13:06:01,sangat membantu trima kasih 🙏🙏🙏,Positif,0.9896
Enoox,1,2025-12-02 02:57:42,"parah, daftar otomatis shoot KTP, jadi nya malah beda",Negatif,0.9963
Ashari PutraMbarep,2,2025-12-02 02:16:20,setelah install ulang kenapa tdk bisa masuk... - udah reset PIN tetep TDK bisa masuk... - lewai IKD jg TDK bisa masuk,Netral,0.7783
Mahdiyyah,2,2025-12-02 00:17:44,"aplikasinya ngga works. dikasih pin yang benar ngga nampilin page berikutnya. lagian dikasih pin yang salah ngerespon ""PIN BELUM SESUAI""",Negatif,0.9983
Widy Qurniasari,2,2025-12-01 20:44:20,"Aplikasi aneh..sudah masukkan psw bener masih salah aja, masukkan no HP tidak valid. malas nerusin..",Negatif,0.9991
Luthfi Frans Setiawan,1,2025-12-01 16:14:48,"Kode OTP muncul tapi gaada tempat buat ngetik kodenya di Tampilan layar, Gajelas bgt",Negatif,0.9624
Hanif Society,2,2025-12-01 11:24:34,"Apk sedang bermasalah, tidak bisa di akses 1 Des 2025. 6 bulan lalu masih oke aja tapi sekarang parahhh",Negatif,0.9647
Nun Gesang,5,2025-12-01 08:11:29,sangat baik,Positif,0.99
Gaza Yuhuyarsy,4,2025-12-01 06:51:21,kenapa sertifikat vaksin saya gabisa diunduh ya?,Negatif,0.9274
Subham Taha,3,2025-12-01 05:30:42,aplikasinya sangat bagus,Positif,0.9975
babang kejo,1,2025-12-01 01:57:18,aplkasi pemerintah aneh terus gapernah ada yg bagus,Negatif,0.9985
Ade Putra,1,2025-11-30 14:13:14,mau masuk aja susah,Negatif,0.9962
FERI SETYA PAMUJI,1,2025-11-30 11:49:13,"tolong diperbaiki masa mau login aja susah bngt, sudah 15 kali coba belum bisa juga. padahal kode verifikasi sudah masuk email. payahhhhhh",Negatif,0.9988
Windy Aprianti,1,2025-11-30 10:29:37,aplikasinya ga bisa dibuka pas masukin pin stuck terus disitu,Negatif,0.9936
Ismail,1,2025-11-29 14:22:42,"aneh hari ini tanggal 29 november 2025 ada washapp dari kemenkes RI,bahwa anak saya melakukan pemeriksaan di Tebet. padahal anak saya sedang sama saya,dan tidak melakukan pemeriksaan,tiba tiba terdaftar dan melakukan pemeriksaan. apakah ada yang coba input data lewat bpjs kesehatan anak saya?",Negatif,0.9619
Yanto Nuryanto,1,2025-11-29 11:15:13,aplikasi tidak sehat,Negatif,0.9781
Pardi (Tipez),4,2025-11-29 10:08:15,"Kenapa Data tidak tersinkron otomatis dengan BPJS Kesehatan.? Padahal NIK, Alamat, No Telepon, Email sudah sama.",Negatif,0.9122
Sri Wariyatun,1,2025-11-29 09:57:31,"aplikasi agak aneh, booking skrining gratis tetapi pas hari H lupa hadir.. dan di menu hasil skrining malah keluar data kesehatannya... dan ada resumenya saya, pertanyaannya itu resume siapa yg isi? ngasal gitu? jelas jelas saya gak datang ke faskesnya dan mungkin gak valid hasilnya itu ngasal.. hmm kok gitu yaa padahal menyakut data kesehatan seseorang, semoga lebih hati-hati dan teliti.",Negatif,0.9955
Limited Edition,1,2025-11-29 09:45:19,aplikasi bermasalah tidak bisa login,Netral,0.5941
Edy Jatmiko,1,2025-11-29 09:44:34,"aplikasi gak jelas, input data pilihan kota sesuai alamat kok tidak ada. di Bali kabupaten kota nya termasuk Denpasar tapi gak ada di pilihan, trus gimana bisa input data???",Negatif,0.9966
Arief Kurniawan,4,2025-11-29 08:36:09,Lumayan berfungsi tuk kesehatan,Netral,0.6514
SEPTIYAN ADITAMA PUTRA,1,2025-11-29 03:41:44,aneh nggak bisa login udah reset pin masih belum bisa juga,Negatif,0.9491
Baiq Rahmi Fatma Sumayanti,1,2025-11-29 02:29:48,"Hasil cek kesehatan dikirim tapi ribet, jadinya tidak ada hasil karena mau dibuka bertele tele .",Negatif,0.9952
Ika Rosita,2,2025-11-29 01:00:58,"mau masuk aplikasi ga bisa""knpa ya",Negatif,0.8689
Abu Angling Darma,1,2025-11-28 13:32:11,Apk sampah. Ini pengaduan nya gmna. Sedangkan waktu daftar pake nomer Hp sedangkan Nomer hpnya sudah nggk aktif lagi. Di lupa akun tetep aja verifikasi otp ke nomer hp. Call centernya juga nggk ada !,Negatif,0.9932
Ridho Now,1,2025-11-28 10:39:10,"aplikasi sampah masak data vaksin booster 1 dan 2 nggak ada, padahal udah pernah vaksin booster",Negatif,0.8958
rizky nursandy,1,2025-11-28 09:23:06,gabisa login aneh,Negatif,0.9755
Yogi Esa Surya,1,2025-11-28 08:45:59,sudah di kirim kode otp tapi kolom untuk input kode otp gak muncul aneh😭 mau dipake apa kode otpnya??,Negatif,0.9626
faizz Dark,5,2025-11-28 06:48:39,aplikasi nya waa banget buat saya ter waw waw😮😮😮😮,Positif,0.9979
Hn seung,1,2025-11-28 03:00:49,"Tidak bisa log in, dan verifikasi tidak valid terus",Negatif,0.988
Sri Rahayu,5,2025-11-27 21:22:56,bagus sangat membantu sekali dlm menjaga hidup sehat d hari tua,Positif,0.9953
Ugi Purwanti,5,2025-11-27 13:39:36,kereen,Netral,0.564
WiDi ARieS,4,2025-11-27 12:14:22,"terlalu lama Apk nya, Utk verifikasi nya juga tidak jelas.. Tolong Apk nya di bagus kan & di permudah lagi & tidak lemot",Negatif,0.9981
Eddie Kurnia,5,2025-11-27 11:04:47,sangat membantu,Positif,0.9828
Hey Marsella,1,2025-11-27 09:35:34,"capet bgt pake aplikasi ini, sebelumnya bisa di pake setelah di update ga bisa dipake, masuk melalui email atau no. hp yg terdaftar tetap tidak bisa. Tolong tim pengembang aplikasi ini, yuk bisa yuk buat aplikasi yg lebih mudah untuk login",Negatif,0.9877
karunia agung,5,2025-11-27 09:06:36,bagus,Positif,0.7057
Jayadih Hidayatulloh,5,2025-11-27 05:57:24,"sangat membantu masyarakat, Semora sukses",Positif,0.9859
uskar yulinanto,1,2025-11-27 05:19:05,mau login kok gagal terus udah pake cara login ikd juga gagal pake no telp gagal pake email gagal,Negatif,0.9815
Ari Christiawan,1,2025-11-27 04:44:30,bagaimana bisa saya tidak daftar pakai nomor saya bisa tercantum nama orang lain dinomor wa saya... aplikasi pemerintah gad yang bener....dana buat aplikasi ratusan juta anggarannya tapi kualitas kaya aplikasi anak2 yang belajar coding... buang2 uang hanya demi keliatan kerja...,Negatif,0.9954
Ratih Dwi wahyuni,5,2025-11-27 03:39:13,"alhamdulillah saya sangat apresiasi adanya program cek kesehatan gratis,sangat bermanfaat buat semua warga indonesia..untuk pelayanan di puskes duser juga top markotop sangat""ramah dr mulai pendaftaran,lab,doker,dan perawatnya baik""semua..smoga makin sukses unk puskesmas duren seribu👍👍👍👍👍👍🥰🥰🥰🥰",Positif,0.9983
Fauzi Syeban,5,2025-11-27 02:15:07,ok,Negatif,0.993
Rahmad Suryawan,5,2025-11-27 01:17:19,good,Positif,0.7423
Im Nagato,1,2025-11-27 01:12:29,"hadehhhhhh, aplikasi buruk gini masih aja dipake, pemrogramer magang disuruh bikin apk ya gini mines semua, dri dlu udah eror sekarang makin eror aja hadehhhhhh",Negatif,0.999
Alexandro Alvin,1,2025-11-27 00:44:10,ngebug aplikasi ini,Negatif,0.9919
Atiqoh Zfadillah,5,2025-11-27 00:24:15,bagus❤,Positif,0.6729
Muhammad Yusuf,5,2025-11-26 22:18:05,bagus,Positif,0.7057
Riko ryan,1,2025-11-26 07:08:29,gak bisa di download,Netral,0.8084
SUPRI YANTO,5,2025-11-26 02:56:48,mohon dipermudah untuk membuka aplikasi satu sehat,Netral,0.9986
Wiraji sutria,1,2025-11-26 02:43:15,"Ya kita update dulu jadi bintang 1, tolong untuk bagian tambah profil, lalu alamat domisili pilihan provisinsinya ndak bisa di akses, tolong segera dibenahi",Netral,0.5526
Myu Selvan,1,2025-11-25 23:52:57,"SEPERTI NYA PERMINTAAN ANDA TIDAK VALID, YANG PUNYA APLIKASI BENERIN LAGI DONG , BUKAN NYA MAKIN BAGUS, INI MALAH MAKIN BIKIN EROR",Negatif,0.9953
Abdi Tri,1,2025-11-25 22:42:05,kenapa tidak bisa diunduh sertifikat vaksinasi 1 dan 2 sebelumnya juga bisa ini kok tidak bisa,Netral,0.7974
Lagu Pilihan,1,2025-11-25 22:12:54,Gimana caranya masuk kalau ingat kata sandi malah disuruh ganti sandi karena alasan sandi sudah usang/suruh ganti sandi baru dan sedangkan nomer HP sudah ganti gimana cara dapet kode verifikasinya kalau nomor HP saja sudah diganti ?,Negatif,0.9722
Fahrul Rozi,1,2025-11-25 07:53:46,kurang puas dengan aplikasi ini hanya stak di pengisian pin,Negatif,0.9979
erick deriza,3,2025-11-25 07:41:26,"hasil CKG belum keluar hampir sebulan. buka applikasinya tapi selalu forced close, ga bisa dibuka. ini maksudnya gmn ya?",Negatif,0.9923
Titi Sumarti,1,2025-11-25 06:44:06,"Aplikasinya ga banget dah. Kemenkes bisa ga hire org IT yg kompeten?? anggarannya dipake buat bayar yg jago. aplikasi sering error. minta email, dikasih email bilangnya salah no. apaan sih kalian ini????",Negatif,0.999
Ruldy Febriarsa,1,2025-11-25 06:16:05,"Susah Loginnya, suruh hubungi helpdesk tapi bikin bingung dialihkan link lain lagi",Negatif,0.9986
Bagus Nanda Julieka Putra,1,2025-11-25 05:15:36,aplikasi bodoh tidak guna sulit login,Negatif,0.9894
edi suranta sinuraya,5,2025-11-25 04:30:22,sangat membantu dan informatif..semoga ditingkatkan dalam pelayanan publik untuk kemajuan bangsa dan negara kita,Positif,0.9868
taufik fajril,1,2025-11-25 02:59:26,aplikasi BUSUK. SISTEM SAKIT,Negatif,0.9974
Cholid AR,1,2025-11-25 02:09:45,"saya masukin pin tidak bisa, ganti pin tetap tidak bisa. tolong benerin dulu baru launching update",Negatif,0.5099
Redi Setiawan,5,2025-11-25 00:34:24,sangat bermanfaat dan membantu,Positif,0.9919
hellomyname fluffyyy,1,2025-11-24 05:17:46,"udah pernah daftar dan mau login lgi tpi lupa password, trs mnta kode melalui email atau no hp, udh dimasukkan kodenya malah gak valid dan juga udah nyoba masuk pake identitas kependudukan dsana katanya belum masuk tapi malah nge stuck di pilih tema, harap diperbaiki lagi apk nya...",Negatif,0.9913
New Oura Gaming,1,2025-11-24 03:18:39,"udh suntik vaksin tapi status belum vaksin, blokkkk",Netral,0.6815
Aprel Bkrc,1,2025-11-23 13:32:31,ngk bisa buka menu ....muter muter terus ngk jelas ini aplikasi masih bisa apa ngk ..,Negatif,0.965
Dedy Prasetyo,2,2025-11-23 13:30:12,"Ketika tambah anggota profil, tidak bisa mengklik jenjang sekolah. tolong diperbaiki lebih baik lagi. karena mencoba terus tidak berhasil, gagal terus",Negatif,0.9943
Interventional Radiographer,1,2025-11-23 12:39:49,"Produk gagal, stuck di suruh pilih tema. apa sih pentingnya tema hadeh",Negatif,0.9971
David Chrisnanto,2,2025-11-23 12:17:11,aplikasi bobrok. disuruh masukin OTP salah mulu tidak valid padahal nomor OTP nya udah bener. jadinya gk bisa log in,Negatif,0.999
Suprianto,1,2025-11-22 18:57:25,"resume medisnya nggak update, untuk verifikasi juga susahnya minta ampun, beberapa faskes malah nggak tau apa itu KYC satu sehat",Negatif,0.9925
Nasha Nidun,5,2025-11-22 15:54:33,good,Positif,0.7423
Bagus Tri,1,2025-11-22 14:31:30,aneh,Negatif,0.9915
Delsy Salsiah,5,2025-11-22 13:30:54,terima kasih SATUSEHAT Mobile,Positif,0.5736
Silvie O,2,2025-11-22 02:06:26,"Verifikasi akun harus datang ke faskes, sungguh sangat praktis",Positif,0.4162
Kiwi's Wifey,1,2025-11-22 01:50:28,pin benar tapi tetap tidak bisa masuk akun satu sehat,Negatif,0.6762
surya bowo,1,2025-11-21 18:34:58,aneh bangt ya nih aplikasi sandi ny udah bener malah invalid Mulu😭,Negatif,0.9986
Sigit Sujatmoko,1,2025-11-21 14:46:24,"aplikasi apaan sih, tidak bisa masuk, pin sandi tidak bisa digunakan",Negatif,0.9815
Fauzan Haris Wiarso,1,2025-11-21 14:06:19,"gabisa buat login ikd, info salah mulu pdhl uda bener, programmernya gajinya berapa sih?",Negatif,0.9952
Asobiah Biah,1,2025-11-21 13:34:37,"hai kak, ini aplikasi nya kok tiap buka gk bisa terus salah pin mulu, pin nya itu pin apa ya",Negatif,0.9432
Evan Yovianus,1,2025-11-21 13:08:23,"in aplikasi nya gimana sih sudah pembaharuan kok sekali masuk salah dan tidk terdaftar katanya maksdnya apa??? tolong deh yg bener"" dikit klo kerja... masa ia aplikasi yg jaga data warga negaranya seburuk ini, masak kalah sama apl mobil legend",Negatif,0.9978
Abdul Kahar Wijaya,1,2025-11-21 11:19:11,"sertifikat vaksinku gabisa kebuka ataupun kedownload, padahal udah laporan lewat email. jadi susah mau daftar kerja, Kebanyakan harus pake sertifikat :(",Negatif,0.9877
Doctor Heart (Ryzant),2,2025-11-21 03:09:07,aneh bolak balik isi data setelah verifikasi tidak valid..,Negatif,0.9939
Putu Aris Widyastana,1,2025-11-21 02:48:11,"Bisa kan, setelah pembaharuan tidak perlu login ulang.",Netral,0.6876
nining mukhlisah,1,2025-11-21 01:46:41,"aplikasi gak jelas, login udah bener semua udh bener permintaan tidak valid terus",Negatif,0.9966
iwan doank,3,2025-11-21 01:34:34,udah sebulan lebih ckg tapi hasilnya blm masuk di aplikasi hadeuuhhh lelet bgt,Negatif,0.9987
Sita Miftakhurohmah,1,2025-11-20 14:56:37,menu ckg nua nggak muncul,Negatif,0.679
Susi Anni,1,2025-11-20 06:44:27,"bapuk banget aplikasinya, mau ubah sandi aja yg muncul ""terjadi gangguan. silahkan hubungi helpdesk""😒",Negatif,0.9421
Novie Muhamad Andriyanto,3,2025-11-20 03:37:44,Tidak mau masuk dong tolong padahal udah keluar nomor untuk cek kesehatan,Negatif,0.9539
Martinus Novandi,2,2025-11-20 03:25:18,"pengisian identitas, tidak bisa di simpan, tolong di perbaiki",Negatif,0.6445
Sya Sya,1,2025-11-20 00:13:55,"setelah update tidak bisa login lagi, sudah coba ganti pin tetap error gimana ini? tolong segera perbaiki!",Negatif,0.9904
