userName,score,at,content
Gus Mal,5,2026-05-03 12:16:38,bagus
Riyu Aditya Lintang Pratama,1,2026-05-03 11:52:42,gak bisa login padahal pin dan nomer telpon sudah benar
Sulastri Era,5,2026-05-03 07:07:58,pelayanan prima
Arista_88,1,2026-05-02 11:38:51,tolong di perbaiki aplikasinya. karena susah mau skrining kesehatan mandiri.
Andre Nakiatu,1,2026-05-02 11:36:28,"aplikasi cacat udah diganti pin masih aja tetep pin salah, padahal udah bener"
trisakti lorina,2,2026-05-02 06:11:38,kenapa gak bisa diakses si udah download dftar juga gak bisa2 dibuka aplikasinya
khaidir sulaiman,5,2026-05-02 05:00:49,bagus
Ela Sukarya,5,2026-05-02 03:39:46,Alhamdulillah bisa mengetahui gula darah dan tekanan darah.
Nandar Yanuar,5,2026-05-02 02:08:29,Sangat membantu
Royo Prasilo,5,2026-05-02 00:10:13,"Informatif, Baik & bagus."
fadlany 2906,1,2026-05-01 13:49:53,"domisili daerah ku tidak ada, aku kalimantan timur, kutai kartanegara, tenggarong, loa ipuh."
nurliah liah,5,2026-05-01 12:29:09,memudahkan dlm proses permintaan data
Natan Setio,1,2026-05-01 03:40:38,"mau login tidak bisa, sudah berbagai cara sampai opsi lupa akun isi ulang data, ganti no hp dan masukkan no verifikasi tetap tidak bisa"
Eko Suastama,1,2026-05-01 01:02:23,"disuruh daftar anak sampai tgl 3mei 2026,mau masuk susah, login susah, uninstal n instal, ganti pin reset berkali kali, dari kemarin jungkir balik tak kunjung bisa,mau daftar katanya nomer telpon sudah terdaftar, mau masuk dikirim kode Verifikasi, verifikasi available!"
Elisia Helfida,1,2026-04-30 22:50:01,"akun ga pernah ganti pin tapi salah mulu giliran ganti pin sampe berapa kali tetep aja salah, gimana solusinya?"
RONI EKA PUTRA,5,2026-04-30 16:30:24,bagus bisa melihat sertifikat covid yg lama
M.Fathan Alfaruq,1,2026-04-30 15:46:27,"saya kira sinyal saya yg gangguan ternyata emang apk nya aja yg bermasalah yaelahh mau nyoba skrining gratis ulang tahun aja susah bener dari lemot lah, login juga kagak jelas loading mulu jadi tutup buka apk keburu ga mood, klo mo buat apk hire developer yg kompeten biar gk kejadian kek gini yg tadinya mo skrining jadi udah males di awal gegara apk gk jelas begini elahh"
Hanapi Hasan,1,2026-04-30 13:24:19,Pin sudah benar tapi kenapa disalahkan oleh aplikasi?
maz DICK (Prayoga),1,2026-04-30 04:27:47,"CKG lewat piskesmas sembung, yg ke-1 tidak dikirim ke apl satu sehat, kemudian ckg lagi. lewat puskesmas yg sama tapi sudah 2 bulan lebih rapor kesehatan nggak nongol², malah statusnya 'DALAM PEMERIKSAAN'. Kalo gak mampu membuat aplikasi yg mumpuni dlm melayani masyarakat mbok gak usah gembar gembor nyuruh semua orang diajak CKG tapi hasilnya gak jelas, cuma menghambur-hamburkan uang rakyat untuk alat cari muka segelintir pejabat...."
Masduki8 Masduki1,1,2026-04-30 02:59:45,kode otp nya nggak dikirim2
Hettypardiana,5,2026-04-29 11:16:10,akhirnya pilih kembali 🙏
Guntur Samodra,1,2026-04-29 06:20:52,aplikasi apaan mau login aja sudah nya minta ampun. suruh masukan sandi tapi salah mulu padahal sudah diganti tetep aja salah
Zian N,1,2026-04-29 05:39:31,login nya susah amat nik atau nama tidak sesuai atau tidak ditemukan padahal udah pas sesuai banget. apk RESE!
Hiland Snake,1,2026-04-29 05:10:57,mau instal dan update dari versi lama gagal terus. ga tau masalah nya dimana.
Zaqi Dava Alife,1,2026-04-29 03:31:01,"kenapa ya saya gak bisa masuk login. pin yang diisi benar kok, giliran mau di ganti pin baru malah ke log out sendiri hadeh"
Nur Ningsih,2,2026-04-29 03:12:08,"Kenapa Aplikasi ini sudah saya Masukkan PIN berulang ulang tetap saja tidak valid,bahkan saya sudah Ganti PIN tetap sama saja tidak Valid mohon petunjuknya"
Muhammad Rinaldi,1,2026-04-28 18:11:50,"perbaiki app nya tolong,daftar susah sekali,nik sudah benar,bisa tidak di temukan nik nya,di APP JKN GAMPANG DAFTAR NYA,TIDAK DI PERSULIT,NIK KTP MASUK!"
sekar sekar,5,2026-04-28 14:18:39,Puas Sekali
Sekar sekar,5,2026-04-28 13:49:09,Puas Sekali
Wian Prtma,1,2026-04-28 13:11:09,"aplikasi cacat perubahan email di karnakan lupa, dan sudah di ganti malah ga bisa masuk, tolong di perbaiki sistem dong, kita bayar pajak tapi layanan sampah begini."
Vj Agasha Channel,1,2026-04-28 11:03:27,"Aplikasi yang sangat tidak recomend, takut data"" yang masuk bocor"
Anton Zamroni,5,2026-04-28 06:34:35,bagus pelayanannya
Dyah Suryawati,1,2026-04-28 05:20:21,sudah ganti pin kaga bisa ke buka sama sekali
Teo Afandi,5,2026-04-28 02:41:14,sangat membantu
Alvino Dwi Putra,1,2026-04-28 01:45:59,"gak ada bedanya ama sistem lama, selalu bermasalah sama login. becus gak sih bikin aplikasi. update sih update tapi dipermudah dong baik akun baru maupun akun lama. payah nih pekerjanya sama sistemnya. Kalian kalo gak becus bubar aja kata saya. Satuin saja ini sistem dengan e KTP? apa? gak bisa? oh dagelan"
Auvia Zahra,1,2026-04-28 00:16:27,"gabisa login, minta pin tapi katanya salah terus, udah bikin pin baru ttp salah, gajelas bgt plisss"
Has Claww,1,2026-04-27 12:29:50,"rata2 aplikasi buatan pemerintah itu kualitas nya busuk salah satu nya ini,mau login sandi salah trus nyoba opsi lupa pin malah FC kan gebleg"
kecamatan gudo,5,2026-04-27 07:45:06,terima kasih disampaikan kami bisa fetiksi dini kondisi kesehatan kami 👍🙏
Evalery,1,2026-04-27 02:00:49,APLIKASI GAK JELAS! MAU DAFTAR PKG HARUS ISI DATA KOTA PAS DICARI KOTANYA GAK ADA . KALAU G DIISI G BISA DAFTAR. MAKSUDNA GIMANA Y? GAK JELAS
Zulham Adi trianda,5,2026-04-26 11:18:59,mudah cepat
Ridwan Infosys,5,2026-04-25 15:55:11,aplikasi ini sangat bermanfaat
Luqman Hakim,1,2026-04-25 15:14:22,"apa ini saya g pernah daftar tiba"" ntah nomer ntah ktp saya sudah di pakai orang... apakah ini kesalah atau ada permainan orang dalam ??"
Muhammad Izhar,5,2026-04-25 14:55:48,mendidik untuk sama sama pentingnya kita sehat 'afiat mencapai sukses berkah selalu 🤲👍❤️
Umi Mrsda,1,2026-04-25 08:31:57,"verifikasinya sulit by email tdk masuk, by no tdk bisa sms pdhl no yg digunakan tdk utk no whatsapp, mohon perbaikannya"
adwa asmaul husna,1,2026-04-25 07:32:31,"no hp sudsh terdaftar, tapi masukkan untuk ganti pin g bisa. dibilamg NIK tidak Sesuai. jelas2 depan mata KTP kita ketik. aneh2 aja... susah kayak gini ah..."
Fani Uswatun Hasanah,5,2026-04-25 04:02:54,baguss
Chuzu Orihime,1,2026-04-25 03:53:07,"ini gimana sih, diminta kode otp yg di kirim ke email tapi saling gk valid,. udh coba beberapa kali tapi masih juga valid."
Muhammad Rifqi aulia aska,1,2026-04-25 01:27:57,gimana ini mau masuk kok loading trus
T Rex,1,2026-04-24 12:37:16,bad
Ujang Ridwan,5,2026-04-24 10:42:19,good
Deri Yana,1,2026-04-24 09:25:01,gajelas udah ganti email masih engga bisa udah daftar lagi bikin akun baru masih ga bisa parah!!!!!!!
Edfira,5,2026-04-24 09:20:45,Kesehatan adalah utama & segalanya.
Ressa Herwidiyan,1,2026-04-24 08:30:04,disuruh pakai ini untuk cek vaksin anak dan sertifikatnya tapi kenyataannya ga ada sama sekali...
rahmat witular,1,2026-04-23 16:40:36,aplikasi sampah susah bgt loginnya
Iiq Doank,1,2026-04-23 13:52:00,apk nya bikin ribet skrang harus centang biru dllu mana susah buat verifikasi profil nya sayah sendiri yang kerja di puakesmas gak tau harus perivikasi ke siapa karna di puskesmas blom ada arahan buat nerima verifikasi bgtu dan blom tau gmna sistem nya
Fauzi Noval Ilhamsyah,1,2026-04-23 13:33:59,masa udh keluar dri akun mau login lgi ga bisa
Dwita Agl,1,2026-04-23 13:13:04,"Bukannya mempermudah, ini aplikasi malah mempersulit. Sudah sebanyak ini keluhan login, sampai saat ini tidak ada perbaikan. Nama aplikasinya SATUSEHAT tapi saya dibuat stress. Tolonglah perbaikannya, saya mau melamar kerja butuh bukti vaksin."
Abdul Gani,1,2026-04-23 12:02:47,"saya salah mulu bagian PIN padahal saya sudah coba PIN yg saya pakai tapi tetap saja salah, dan ketika ingin ubah PIN terjadi error yaitu NIK selalu salah padahal ditahap verifikasi"
Handayani Yani,1,2026-04-23 11:50:44,gabisa masuk lagi setelah logout keterangannya tidak valid terus
MitraIndoCemerlang,1,2026-04-23 10:24:58,Parah hasil skrining tak ada dasar yang tepat.
asep Syai19,1,2026-04-23 10:05:28,ga bisa masuk lagi..sms verivikasi ga masuk masuk
Rommy Wardhana,1,2026-04-23 02:59:29,saya lupa pin.sdh cb ganti via no WA ataupun email.tp ttp tdk bs.katanya tdk valid.cb daftar baru tdk bs katanya sdh terdaftar.jd solusinya apa nih.saya 2 hari lg hrs isi data CKG dr kantor.
MHaris Sandi,1,2026-04-22 12:58:43,saya sudah punya akun tapi ketika mencoba untuk login PIN BELUM SIAP.
samudera panggabean,1,2026-04-22 09:44:43,"aplikasi gajelas, email sudh terdaftar tapi kebacnya belum ke daftar , saat daftar dengan email yamg sama katanya sudah terdaftar, tipikal apps pemerintah gini kah? urgent nih lagi butuh"
Condro Dewi,1,2026-04-22 08:32:49,"mau login aja susah banget, pin selalu dibilang salah, udah di reset juga tetep salah terus, buang buang waktu. plis perbaikin apk biar ngak bikin susah"
David Prasetya,1,2026-04-22 06:26:41,"Selamat siangg satu sehat Jujus sangat kecewa karena telah memiliki akun dan saat telah logout tidak bisa login kembali, sudah memasukkan pin yg benar tetapi permintaan tidak valid, sudah mencoba untuk mereset pin juga sama saja. Mohon diperbaiki yaa, masa harus menunggu viral baru akan diperbaiki? Ini terkait data dan kesehatan yg sangat penting jangan sampai ada kesalahan server atau dari aplikasi karena bisa berdampak luas."
Adelia Hana Safitri,1,2026-04-22 03:09:49,GG (gak guna)
Imah Hakimah,4,2026-04-22 01:36:14,"fitur""nya tidak krluar"
Muhammad Rizky Darmawan,5,2026-04-21 12:05:43,Mantab
Bayu Susanto,1,2026-04-21 11:44:41,"dulu sudah bisa login, kok skrg ngga bisa. kode verif ngga kekirim di email. hadeh"
tony k.handoko,5,2026-04-21 11:38:22,bagus
Putu Darwati,5,2026-04-21 09:57:33,sangat bermanfaat
Maya K,1,2026-04-21 07:51:03,"udah coba log in pake no Hp. giliran masukin kode Verifikasi tecantum ""sepertinya permintaan anda tidak valid"" padahal udah berkali-kali kirim ulang kode"
Galih Prasetiyo,1,2026-04-21 06:46:41,"aplikasi gajelas, udh login data gadaaa padahal udah vaksin"
Ricky Ardi Kusuma,1,2026-04-21 06:39:02,"cek kesehatan gratis pada saat ulang tahun, tapi hanya bisa cek gula darah, saya juga punya alatnya dirumah-_- udah lama antri-_-"
Akhmad Renaldi,1,2026-04-21 06:30:16,saat memilih lainnya di menu malqh kosong nggak ada pilihan
Blue Diamond,1,2026-04-21 03:53:00,fiturnya jadi ilang sih
Djuli Atun,2,2026-04-21 03:29:07,"erorr muluuu, masuk ga bisa2 padahal nomor udh bener TPI dibilang salah mulu"
Irawan ST,5,2026-04-21 03:08:30,"Sangat mendukung untuk pantau kesehatan semua orang, terutama lansia"
iman budiman,5,2026-04-21 02:11:44,ok
resti Wahyuni,5,2026-04-21 01:27:03,buat konsultasi enak
Yogi Nova Ardyantok,5,2026-04-20 23:47:30,baik
Raihan Maulana,1,2026-04-20 20:07:00,"sudah bisa login setelah itu mau cari fitur yang lain pas dicari gak ada apa apa yg bisa di akses apapun, terus NIK tidak terbaca saat melengkapi data padahal sudah sesuai"
24-103_DINI AULIYA MULHA,1,2026-04-20 18:06:45,"tidak bisa login, padahal udh login pake email yg berbeda"
Abdul Haris,2,2026-04-20 14:48:09,tidak bisa lihat servitikat vaksin COFID 19
Jo Pinang,1,2026-04-20 11:59:51,Makin parah aja. mau lihat sertifikat vaksin. kok GK bisa di buka. cuma gara gara kelahiran salah. sudah di ubah ubah tetap aja GK bisa
Budi Anur,5,2026-04-20 11:50:55,mantap
Kris Tiono,1,2026-04-20 08:32:00,sertifikat vaksin tidak muncul
Lilis Haryati,5,2026-04-20 06:23:40,Alhamdulillah setiap rutin kontrol ke rmh sakit selalu baik hasilnya
Wisdom Bani,1,2026-04-20 06:09:31,"udah reset pin setelah mau login ga bisa katanya pin salah saya kira saya yang pelupa, ternyata setelah coba berkali2 tetep aja ga bisa, kerja pada ga becus, aplikasi pemerintah sampah"
agus tri nugroho,5,2026-04-20 02:50:04,Dengan adanya satu sehat badan terkontrol.
Wahyu Bagus Setyawan,1,2026-04-20 00:39:56,"aplikasi satu sehat tidak terkoneksi dengan puskesmas di kaimana, malah diarahkan harus pake mobile jkn"
ruchin ruchin,5,2026-04-19 22:35:11,perlu dipertahankan dan ditingkatkan update nya
Moh Rofik,5,2026-04-19 14:28:33,Siip
Saidno Saidno,5,2026-04-19 13:09:52,bagus
Nana Karna,5,2026-04-19 12:52:35,Aplikasinya sudah banyak tambahan dan ada pemeriksaan gratis dan bisa memilih apa yg akan diperiksanya...
Ghefira NK,1,2026-04-19 04:27:14,"Sudah punya akun tapi tulisannya PIN salah, sudah ganti PIN tapi tetap salah, coba daftat baru, gabisa, alasannya data sudah ada"
abdurrahim maksum,1,2026-04-19 02:11:21,"mungkin klo ada bintang 0 besar, bisa saya kasih ke rating aplikasinya, krn saya sudah dsuruh login berkali kali dengan kode OTP dan beberapa kali ganti PIN, tapi tetap tidak bisa masuk ke aplikasi,, dengan tulisan ""permintaan anda tidak vakid"""
Muji Juanda,1,2026-04-18 16:21:08,link verifikasi kagak bisa
Pra Naja,1,2026-04-18 16:05:02,"aplikasi apa sih.. login susah amat, muter² di step p8lih tema, udh d lewati ttep.aja g bisa.. g jelas"
Yuliana,1,2026-04-18 15:19:02,susah banget mau login aja.mau lihat hasil pemeriksaan aja rumit banget
lumaksono prarera,1,2026-04-18 11:55:50,gak bisa login padahal uda berapa kali ganti pw gak bisa parah
HARI BASUKI,5,2026-04-18 05:38:22,Mantap
Aras Muhammad,1,2026-04-18 04:10:56,"sudah dicoba berulang tidak bisa login padahal sudah ubah pasword segala, kayak gak niat buat aplikasi."
Roni Pane,5,2026-04-18 04:02:27,terbaik
Mulariya Shufiani,5,2026-04-18 03:51:19,sangat membantu untuk wanita karir seperti saya
bil busro,1,2026-04-18 02:29:38,aplikasi kurang bagus
Sang Terindah (Terkasih),1,2026-04-17 23:36:44,"pemeriksaan gratisnya ok dan bermanfaat bagi yg anggota pemeriksaanya penuh dengan senyum,ramah dan tulus dlm bekerja..banyak yg seenaknya melayaninya dan hasilnya asal asalan nulis banyak ygkurang sinkron,tolong dibenahi gratis tp bukan Asal asalan hny kumpulin data penduduk ."
Lis Nuraeni,4,2026-04-17 23:30:35,"sangat bermanfaat untk melakikan sekrining untuk mengetahui kondisi kesehatan kita, dan dapat menitigasi risiko kesehatn"
Ani Heryani,5,2026-04-17 22:43:34,pemeriksaan geratia sangat membantu saya terimakasih
Akira,1,2026-04-17 13:57:11,"Tidak bisa login, dan cukup dipersulit saat proses mereset pin. Saya cukup kecewa, semoga segera diperbaiki"
Bilal Gorbii Ibrahim,5,2026-04-17 12:41:42,Bisa Cek Kesehatan Gratis di Puskesmas Terdekat
Putra _Tv,1,2026-04-17 09:16:54,ini aplikasi si gimana ? udah buat akun udah berhasil kok engga bisa login aneh
Muh Khoirudin,4,2026-04-17 07:14:10,tidak bisa login aplikasi satu sehat mobile ( pin tidak sesuai ) mhon bantuannya
sunar Wanti,5,2026-04-17 04:13:55,sangat membantu
Nazahah Indallah,1,2026-04-17 03:46:32,"Gimana si sistemnya? udah daftar trs bikin pin, pas mau masuk trs masukin pinnya malah ga bisa, gimana nih."
Bambang Basri,5,2026-04-16 23:39:02,Aplikasi yang bermanfaat dan sangat berguna dikurun usia dewasa dan menjelang lansia.
Sjoekoer Dalmasca,1,2026-04-16 21:19:08,"masuk akun disurih masukin pin permintaan tidak valid, lupa pin ganti pin baru dan coba masuk lagi masih tidak valid, niat ga sih bikin sehat"
yulia marini,1,2026-04-16 07:46:29,"download aplikasi ini karena buat liat rapor kesehatan, langsung masuk notifikasi transaksi kalau CC ke debet otomatis limitnya gila ni"
Yanti Puspita,5,2026-04-16 03:59:02,aku dulu sudh vaksin 3 kali kenapa data aku tidK tersedia kalau aku sudh vaksin??
Dea Rian Novanda Parinduri,1,2026-04-16 03:53:41,"gak bisa daftar, saat mau verif wa gak bisa link gak connect"
arif sugianto,1,2026-04-16 02:42:40,Aplikasi sampah. saat minta pun baru pertama kali tidak muncul background angka yang sudah di tap. pada kolom PIN juga tidak muncul akhirnya ga tau angka berapa yang sudah masuk jadi PIN. Setelah masuk mau perbarui info data diri harus masukkan PIN. PIN lupa akhirnya reset PIN. Saat reset PIN sudah input satu angka 6 kali berturut-turut agar mudah dan minim typo. Lalu masuk pakai PIN baru 6 angka berturut tersebut masih diidentifikasi PIN salah.
Riski,1,2026-04-16 02:17:16,aplikasi sangat baguss
Adhe Yusuf,1,2026-04-16 01:54:01,"kocak lu orang diwajibin pake ini, udah reset pin berkali-kali tetep aja invalid, yang bener kalo bikin aplikasi"
achmad hidayat,1,2026-04-16 01:17:09,aplikasi pemerintah tolol
Sri lestari,5,2026-04-15 22:39:50,"baik untuk kita lebih tahu tentang kesehatan kita,"
Engkus,5,2026-04-15 22:22:56,ajib bener
Metta Apriyana,1,2026-04-15 21:30:08,mau daftar aja gagal terus. katanya kode verifikasi tidak dapat dikirim. heran. aplikasi yg sangat tidak memudahkan warganya
Satio Kismoko S,5,2026-04-15 17:12:01,"Aplikasi sangat berguna utk kesehatan, dan bisa kontrol dan daftar dari aplikasi ini, terima kasih"
Rlla Jnayngsh,1,2026-04-15 15:25:29,aapan sih gak jelas banget segala hal bisa eror eror segala upgrade lagi lah
Amelia D'saputri,1,2026-04-15 13:43:10,kenapa tidak bisa login
Andhie Arrankaru,1,2026-04-15 13:33:01,sudah punya akun dan sudah berhasil masuk. tp setelah keluar gak bisa login lagi.alasan permintaan tidak valid.data di perbarui harus nunggu 24 jam.ribet amad..server down apa gimana si
Nia Jeno,1,2026-04-15 13:18:41,"aplikasi tidak jelas, saya mau mendaftar dengan nomor tlp dan email tetap tdk bisa verifikasi, semua sudah saya cek ulang tntg data saya, dan itu benar semua, saya juga tidak pernah mendaftar sebelumnya. bagaimana ini? saya jdi susah untuk membuat surat vaksin untuk melamar kerja"
r3sti ana,5,2026-04-15 10:49:30,baik
Wiwik Anggriani,4,2026-04-15 08:25:13,sejauh ini baik tidak ada masalah dalam penggunaan aplikasi. lebih diperbanyak lagi fitur nya
Mohamad Roikhan,1,2026-04-15 08:23:54,Aplikasi jembot ga bisa di buka mmk
Muhamad Mufit,1,2026-04-15 07:21:35,kenapa tidak bisa buat akun verifikasi nya g masukkan
Sukamsa 02,5,2026-04-15 06:56:15,pelayanan sangat memuaskan
rahadi putro,5,2026-04-15 04:59:00,sangat bagus
Yuli Anti,5,2026-04-15 04:56:26,Bagus🙏👍
praditya tijani,2,2026-04-15 04:49:42,"mau daftar tapi ga bisa kirim verifikasi, kirain bug, ternyata emg aplikasi cct"
Margono Sby,5,2026-04-15 03:22:16,bermanfaat
trihartoko Aji,5,2026-04-15 03:06:38,bagus
MUHAMAD RIDWAN,2,2026-04-15 02:20:37,"padahal no hp sudah 12 digit,tapi tetep aja minta lagi no, terus pekerjaan pelajar susah ngisi di bagian jenjang,mau nambah CKG anak susah banget"
Ady Subagyo,5,2026-04-15 01:52:07,sangat puas
22_ Putu Elin Pratistha,1,2026-04-14 12:42:55,"selalu gagal tiap login padahal udah bener data data yang dikasik, udah coba juga reset passwoard dan ganti email tetep juga ga bisa login"
A. Prasongko,1,2026-04-14 11:30:11,"Tidak bisa daftar, keterangan no hp maksimal 12 digit. ganti via email jg sama. daftar via ikd error."
Azriel Faturrohman,1,2026-04-14 10:30:17,"aplikasi ga jelas buat login susahnya minta ampun, padahal sudah sesuai data yang di input tetapi ada aja masalahnya, ya tidak valid sandinya lah padahal sesuai dengan sandi yang sudah dibuat"
febri nainggolan,1,2026-04-14 07:02:53,"aplikasi gak jelas kita daftar selalu nomor hp kurang, padahal sudah 12, aplikasi geblek bikin emosi."
Adipur99,5,2026-04-14 05:54:55,puaas....trims
Djoni Karter,5,2026-04-14 03:54:58,baik
Arie AB Lumintu,5,2026-04-14 03:14:39,ok
Alvan Walker,1,2026-04-14 03:02:30,"gabisa masuk pake nik digital, gabisa daftar pake email atau no.telepon lu bikin aplikasi beginian niat ga sih?"
Alwi Hamdani,1,2026-04-14 01:33:51,"kenapa total g bisa di buka ya , adahal sandi sudah di ubah trus tetep saja ga valid aplikasi sbelumnya Masi ok pacar , skarang mah masuk akun nya aja g bisa"
Dedi Septiadi,1,2026-04-14 01:08:53,Info tidak bisa untuk mendaftar
Anggi Afi,1,2026-04-14 00:33:19,Sudah punya akun dari lama sejak zaman covid semenjak berubah nama akun menjadi satu sehat mau login malah susah banget. paraaah
mashuri umpo,3,2026-04-14 00:11:45,dengam aplikasi online lebih efektif dan pelayanan yg cepat dan efesien dan pleksibel. dengan aplikasi online akan merepotkan dan jadi brban bagi yg tdk.bisa it.
liendra cute,5,2026-04-13 16:40:13,bagus. bermanfaat
rimba alamsyah,1,2026-04-13 16:22:25,aplikasi ga guna ga jelas banyak yang ga bisa di akses
Gt. Puspa Nadia Wardani,5,2026-04-13 15:43:59,sangat membantu pada saat perjalanan umroh dan haji krn menjadi syarat perjalanan ibadah.
Rofieq Ainur,1,2026-04-13 15:27:56,"para si aplikasi ini mau daftar aja gak bisa tertera nomor harus tidak lebih dari 12 digit, padahal nomor sudah benar"
King Of Multiverse,1,2026-04-13 12:40:57,"pengen daftar tapi ada yg aneh pas isi nomor telepon harus dua belas digit tapi nomor gue cuma sebelas kalo gue isi awalan 0 kagak bisa karena udah ada 62 jadi gue isi langsung awalan 8 tapi cuman sebelas digit, kacau dah"
Dewi Lufiani,5,2026-04-13 11:45:57,mantap ntuk pelayanannya cepatkebersihannya baik
Muhammad Arpan,1,2026-04-13 11:32:11,"kenapa susah amat mau daftarnya? NIK belum sesuai terus? pin salah terus, no hp sudah terdaftar, email sudah terdaftar, nggak bisa verifikasi by wa, trus gmn ini?"
Bu Maisaroh,5,2026-04-13 09:59:18,sangat membantu
Simas Weleri,5,2026-04-13 07:51:05,satu sehat mantap
Wahyu Ariyanto,5,2026-04-13 07:21:30,pelayanan baik dan cepat
Riena Azzahra,1,2026-04-13 07:12:30,"gimana sih, baru aja mau daftar, suruh masukin nomer, giliran dimasukin nomernya ""nomer 12 digit"", lah XL cuma 11 digit (tanpa nol didepan), giliran pake email suruh tetep ngisi nomor, balik ngisi nomor lagi, coba ditambahin satu nomor tetep "" nomer 12 digit""... gg jelas banget"
Wari ati,4,2026-04-13 06:04:35,semoga semakin baik lagi
Erinus Lasa,5,2026-04-13 05:16:17,sangat bagus dan membantu masyarakat
Matahar Mardjuk,5,2026-04-13 04:44:48,sangat membantu
kangmas pidin,5,2026-04-13 04:44:40,Saya sekarang cek kesehatan gratis di Kantor Setda Kab.Tegal.... tp sblmnya pada tanggal 9 april saya dapat WA Kemenkes yang memberitahukan bahwa saya sudah melakukan CKG pada Puskesmas Kesambi Margasari padahal saya tidak pernah melakukanya. kok bisa yah data saya sudah ada padahal tidak pernah CKG
Kisan Show,3,2026-04-13 04:41:33,"ga bisa masuk udah di coba pakai no hp dan email masih aja error no hp harus 12 padahal udah bener, terus ganti ke email malah sama tidak bener juga"
planktonn 1914,1,2026-04-13 04:28:41,kenapa pas saya login di aplikasi ini selalu gabisa dan permintaan anda tidak valid padahal tahun kemarin pas saya login gampang²aja ga sesusah ini tolong dong di perbaiki jangan semakin kesini semakin susah bukan gampang
Samsudin,5,2026-04-13 02:43:56,josjis
warda indarwanto,3,2026-04-13 02:40:56,sangat bagus
Tee Andayani,1,2026-04-13 01:59:58,"saya mau melaksanakan tes kesehatan gratis. sudah daftar by app. tapi waktu hari H sampai di puskesmas, sistem down dan tidak ada solusi. hanya disuruh kembali kapan-kapan saja. termasuk app juga mendadak tdk bisa login. saya yg awalnya excited ingin mencoba fasilitas pemerintah jadi semakin skeptis."
Echa Salsabila,4,2026-04-13 01:39:31,"min ini daftar nomernya gimna, saya daftar gabisa bisa kira kira knpa yah maksimal 12 nomer sedangan nomer yg tercatat kn 11 nomer saja"
Frederik Tielman,5,2026-04-13 00:08:21,sangat membantu
Jendra Taruna,1,2026-04-12 19:55:18,"aplikasi apaan ini, buat masuk gabisa daftar lagi ga bisa muter muter aja giliran ada kodenya ada notif masukan kode yg benar"
Lie Tjihun,5,2026-04-12 15:36:37,status kesehatan diri
Muhammad Afif,2,2026-04-12 13:29:28,"UI bagus, cuma masalah tiao kli buka aplikasi setelah gk dipke bbrapa hari malah disuruh login lgi, dan skrg aplikasi gk bsa dipke gtw knp"
Desty Ritzi,1,2026-04-12 12:04:57,"SANGAT BURUK. NGISI DG DETAIL BENAR NOTIF NOPR MAX 12DGIT, PDHAL NOPE SDH BENAR YG DIMSUKAN CMAN 11 DGIT. LWAT KEPENDUDUKAN APK JUGA MUTER AJA. WOOOIII PEM. JGAN KBNYAKAN OMONG KSOONG YG GAK ADA FAEDAHNYA."
Mima Quinn,2,2026-04-12 07:20:18,"pelajar disuruh daftarin pake aplikasi kalau mau CKG disekolah. tapi Aplikasinya masih mentahh, di klik gabisa,loading parah, sampe emosii nunggu lama banget masih belom bisa2. dibenerin dulu aplikasinya, baru di terapkan."
Manan,1,2026-04-12 04:47:13,ini saya nomor hp lama cuma bisa isi 11 karena 0 nya di hilangkan dari aplikasi jadi gk bisa daftar tolong di perbaiki
Sudirman Silegar,1,2026-04-12 03:47:16,"aplikasi ini aneh, padahal mau daftar malah ga bisa karena no telp kurang dari 12 digit , jadi bingung saya sama ini aplikasi bukan nya mempermudah malah tambah di persulit"
ARNAN JAYA,5,2026-04-12 03:40:15,Alhamdulillah Semoga selalu membawa manfaat dan kemudahan
Frans Bram,1,2026-04-11 12:51:08,mengapa daftar pakai nomor telepon tidak bisa ???
Sumarni Waode,5,2026-04-11 09:23:26,"aplikasi ini sangat berguna bagi saya pribadi, karena kita dapat melihat hasil pemeriksaan medis yg telah kita lakukan"
marliah,1,2026-04-11 06:15:55,"aplikasi buruk, mau daftar sudah mengikuti arahan malah masalah d nomor telepon pdhl nomor telepon sudah benar"
Niqriesa Niqriesa,1,2026-04-11 06:13:11,gjls bgttt baru mau daftar gk bisa katanya nomor HP salahh udah sampe diulang salah.
Novembriani Telaumbanua,1,2026-04-11 04:22:12,"aplikasi pemerintah ngga ada yang bagus menurutku sejauh ini ribet semua entah itu verifikasi, nomor hp kok gitu banget dah apk nya"
aldy nurdiansyah,2,2026-04-11 04:09:14,sertifikat vaksinnya ga bisa di unduh
Andy Cepper,3,2026-04-11 03:10:26,"ga bisa daftar tulisanya nomer hp maksimal 12 digit padahal sudah nulis bener dan diganti pakai email juga tulisanya sama ""nomer hp maksimal 12digit"""
Umi Solikah,3,2026-04-10 12:13:41,Bagus untuk pemeriksaan
Marha Mach,5,2026-04-10 01:51:44,Sangat bagus untuk membantu mengontrol kondisi kesehatan kita
Eky Aditya,5,2026-04-10 00:00:42,bagus
21 Alfian,2,2026-04-09 13:43:33,tolong diperbaiki lagi masih ada bug dimana saya ngisi tanggal lahir bulan serta tahun sesuai namun tetap saja salah dan saat ingin diganti tidak bisa sama sekali sehingga saya tidak dapat mengikuti screening kesehatan karena data lahir salah.
Agus Wibowo,1,2026-04-09 12:03:37,"Aplikasi Ampas, fix in dulu"
Ismail Mail,1,2026-04-09 10:20:42,gimana ini nggak bisa login login Mulu tolong tanggapi min
taufik M.taufik,3,2026-04-09 08:43:35,Alhamdulillah sangat membantu dg ada nya APK seperti SATUSEHAT ini👍
finn wolfhardid,1,2026-04-09 05:47:06,suka nge hang apk ny
Betty Sukmawati,5,2026-04-09 05:18:50,terimakasih sdh ada program dari pemerintah
Herlangga Saputra66,5,2026-04-09 03:59:22,baik
Robby Sompie,5,2026-04-09 03:28:55,"Pelayanan baik,terimakasih"
prasetya agri,1,2026-04-09 03:13:12,"pin udah berhasil di ganti. di masukin no dan pin, tidak valid terus. oke, saya hapus. karna sistem aplikasi ny ga bener"
Imam Hidayat,5,2026-04-09 03:00:34,sangat baik
liza ismawati,5,2026-04-09 02:00:53,bagus
hafidz mcd,5,2026-04-08 23:48:39,Sangat membantu untuk menjaga kesehatan..
dwi wahini,1,2026-04-08 13:56:34,bagus membantu.tapi saat ini kami mau simpan klik lokasi gk bisa muncul apa memang lagi error aplikasinya.trimakasih
Sulaiman Ajah,1,2026-04-08 11:24:24,"saya tidak pernah mendaftar untuk CKG sebelumnya. Saat ini baru mau mendaftar dan tau-tau sudah terdaftar tapi tanggalnya sudah terlewat. Mau ubah tanggal malah gak bisa, katanya disuruh cek tahun depan aja. Bagaimana ini solusinya?"
James Saerang,5,2026-04-08 11:23:02,"Sejauh saya menggunakan Fasilitas ini Cukup dan Sangat membantu sekali, trimakasih 🙏😇"
Hendra Ramadhani Setiawan,1,2026-04-08 09:02:48,"akun sudah lama punya, setelah update terbaru malah gak bisa login, selalu notifikasi nya ""Permintaan tidak valid"". sudah lupa password,lupa akun,setelah berhasil reset tetap aja gak bisa login."
Mz-dean,1,2026-04-08 04:22:22,"susah ga bisa login, pake no hp kode otp ga masuk masuk"
MSi. Sutarno,5,2026-04-08 01:18:58,oke
Hamzah Setya,5,2026-04-07 15:42:27,aplikasi sangat berguna
muhammad fadhil,5,2026-04-07 13:02:03,mantap
Sumita Siburian,3,2026-04-07 10:17:18,bagus
Gigih Nofie,5,2026-04-07 03:52:48,Top
fitriadi Kutai,5,2026-04-07 02:40:23,selama ini tidak ada masalah cuma ini kenapa ada kendala ketika memasukkan hasil cek gula darah tidak mau terinput. sedangkan utk kolesterol dan asam urat tidak ada masalah. selebihnya mantap dan bermanfaat utk cek kesehatan setiap bulan
Rere tata,5,2026-04-07 01:32:16,lebih mudah
Emil Dorna,1,2026-04-06 15:46:23,"GAK GUNA, UDAH TES KESAHATAN DARI TAHUN LALU, SAMPE SEKARANG GK ADA HASILNYA."
Rosmery Sinaga,5,2026-04-06 08:42:47,"Pemeriksaan gratis sdh sangat bagus dan sangat bermanfaat, semua pemeriksaan lancar, tdk ada masalah. Trimakasih utk pemerintah sdh mengadakan program ini."
Muhamad Kohid,1,2026-04-06 05:58:32,no telpon saya lupa suru di ingetin mana inget coba aneh percuma ini gk bisa login dengan cara apapun bantuan tidak ada. jelek bngt
Zai Nudin,5,2026-04-06 04:38:51,pelayanan ramah cepat dan tanggap terima kasih para abdi masyarakat di puskesmas satelit..
Ivan Spt,5,2026-04-06 04:20:20,semoga kedepannya semakin lancar
muryati ragil,5,2026-04-06 04:12:53,trimakasih kegiatan ini bagus untuk mengecek secara dini gangguan yg dialami
Triska,5,2026-04-06 03:41:11,utk catatan kesehatan pribadi sangat membantu
Novel Horror Official,3,2026-04-06 00:47:03,tolong untuk waktu tunggu nya jangan 5 menit! 1 menit cukup oke... nyusahin ngerti ga!?
made sekarini,5,2026-04-05 14:26:28,Sangat memuaskan. pelayanannya Prima
Heriyadi Heri,1,2026-04-05 10:17:00,"aplikasi gak jelas, gak guna"
hendrawan halim,1,2026-04-04 17:44:31,"ngga bisa masuk,ketik no pin gagal terus.coba lupa pin setelah bikin baru,tetap ngga bisa masuk bilangnya pin salah"
Abdur Rouf,1,2026-04-04 13:00:18,sussah untuk login
Emi Munawaroh,5,2026-04-04 11:32:52,Sangat membantu dan bermanfaat
samiyono rayya,5,2026-04-04 05:57:35,ok
Bintang Timur Baihaqi,1,2026-04-03 23:57:19,"saya mau cek sertifikat vaksin, tapi setiap login saya tidak bisa masuk dengan alasan ""sepertinya permintaan anda tidak valid"""
VideeLL KebHie,2,2026-04-03 11:26:14,HP saya sudah tidak bisa update lagi.
Puji Hariyadi,5,2026-04-03 09:24:40,rekomendasi
John So (KHAN),5,2026-04-03 07:48:55,baik
Ai Fatimah krw,4,2026-04-03 03:12:39,"setelah cek ckg tidak lama dpt info, lanjutkan"
Wiwid Wati,5,2026-04-02 04:50:46,good
Arief Muhammad,1,2026-04-02 02:23:43,apk eror
Andrik TV,1,2026-04-02 01:28:06,Banyak Bug
dwi andi oktavianus,1,2026-04-02 00:53:09,"terlalu banyak kendala, ada menu sinkron dg IKD tp tidak bisa, login dg data yang sdh ada tp tertolak, reset pin sudah tetap tidak bisa login"
Jousafe Andi Christiann (joussafe.e),5,2026-04-01 12:26:38,GOODLUCK EVERY BODY🇦🇺🇦🇺
budi hartanto,5,2026-04-01 08:52:36,selalu update info nya
Tutty Frutty Handmade,1,2026-04-01 06:56:41,"[sudah isi link formulir keluhan tapi tidak ada tanggapan]. saya belum daftar CKG kenapa sudah keluar hasil rapornya? tinggi badan saya 153cm di rapor 160cm? punya siapa itu? ulasan hanya dibalas otomatis, sangat buruk aplikasinya."
Poerwanto Iwan,1,2026-04-01 06:05:11,"Aplikasi error, tidak bisa menambahkan catatan kesehatan gula darah, bahkan data yg sudah ada malah hilang."
Mamas_ Rozy,1,2026-04-01 05:44:00,"JELEK RIBET BANGET ,SUSAH BANGET BANYAK BUG"
Dewangga Putra,1,2026-04-01 04:23:04,di ganti pin gabisa
Uswatun Khasanah,4,2026-04-01 02:19:10,baik untuk mengukur kesehatan
Hananto Sudarsono,5,2026-03-31 22:56:59,Aplikasi bagus
Asmani Rahmola,5,2026-03-31 21:18:24,dengan adanya ini menjadi lebih tau tentang info kesehatan
Berina Pasaribu,4,2026-03-31 17:03:47,"Saya sudah pernah vaksin meningitis, vaksin flu saat akan berangkat Haji pada Tahun 2024 tetapi tidak tampil di sertifikat vaksin."
hedi hidaya,4,2026-03-31 10:32:58,baik menyenangkan
Nur Janah,5,2026-03-31 00:11:25,memuaskan
Arya Satrianata,1,2026-03-30 14:27:45,Tolong sistemnya di perpaiki saya mau unduh sertifikat vaksin saya tidak bisa coba lagi coba lgi keterangan nya
Elvira Puspitasari,1,2026-03-30 13:30:35,tidak bisa dibuka
Diah Fauziah,1,2026-03-30 12:23:57,kenapa data saya tidak bisa untuk daftar cek kesehatan tidak bisa du submit karena nik tdk sesuai padahal sudah sesuai
Wayan Suartina,5,2026-03-30 08:00:52,"Dengan pelayanan yang ramah , dan peralatan medis yg memadai dsn bersih ,saya merasa nyaman dan puas...top ok untuk puskesmas kuta II. Suksma..."
Rengas Bintaro,5,2026-03-30 06:39:55,Lumayan bagus Satu sehat
Yessy Lola,1,2026-03-30 02:04:30,"saya pertama kali melakukan Cek Kesehatan Gratis dalam rangka ulang tahun.Tapi dilembar hasil pada di pos terakhir banyak salah dan ngawur. Saya sedang tidak sakit telinga tapi di hasil jd sakit telinga, mata saya minus tapi hasilnya di anggap normal saja diinfokan dari nakes yg mengisi skrining. saat ditanyain pun sangat minim atau beberapa saja. banyak tes yg di skip alias tidak ada tes sama sekali tetapi di hasil dinyatakan normal. seperti skirining sendiri jawab sendiri.Gak guna jadinya"
Alfiansyah,3,2026-03-29 22:48:00,"Maaf sebelumnya, saya mau tanya.. kenapa fitur catat gula darah selalu gagal dan tidak bisa diakses? mohon diperbaiki jika ada masalah agar kami penggunaka satu sehat merasa nyaman. Terimakasih"
Tri Kustianingsih,5,2026-03-28 21:54:23,sangat bermanfaat
Mbot Singo,1,2026-03-28 15:05:28,mau login dari kemarin gak bisa
Mrs Celline,1,2026-03-28 13:07:51,ga bisa login terus
Andy Goeltoem,5,2026-03-28 03:40:17,sangat bgs Sekali
Wali Agung,5,2026-03-27 04:37:39,top
Dewi Nurhayati,5,2026-03-27 04:19:53,sangat membantu sekali dngn adanya aplikasi SATUSEHAT ini 👍👍👍
Gogot Sugianto,5,2026-03-27 00:59:46,"mantap,"
Jonara Joutaro,1,2026-03-26 01:42:59,"gabisa login, password dah diganti, sampai dicoba login jam sepi juga masih tulisannya permintaan anda tidak valid, aplikasi nya diperbaiki dong!! masa aplikasi untuk kepentingan administrasi dalam negri begini😮‍💨"
Azuz Onazi,5,2026-03-25 08:01:41,sangat membantu khususnya bagi saya yang selalu ingin sehat dan bugar serta seimbang dalam tatanan tubuhnya
marwanto,5,2026-03-25 04:44:33,mantap
Pratama,1,2026-03-25 04:37:29,"data catatan kesehatan yang di isi mandiri, kalau ada ter log out jadi hilang, tidak tersimpan, mengecewakan"
Nur Hyahyono,5,2026-03-25 02:26:26,Bagus
Jusa Junius,5,2026-03-25 00:44:18,So far so good lah
Rian Setiawan,1,2026-03-24 15:18:58,"Di coba tidak bisa, lupa pin tapi gak masuk- masuk padahal sudah berhasil ubah pin"
Tigor Napitupulu,5,2026-03-24 08:41:03,Hebat Super sekali 😎
Saptono Eko,3,2026-03-24 01:43:21,Sdh di update jadi tidak bisa di buka bagaimana ini ?
Isna Nurrrohma,2,2026-03-24 01:20:39,"udah punya akun kenapa saya gak bisa masuk ke akun saya, tulisan nomor sudah digunakan terus, pas masukin pin salah terus padahal udah bner. saya sampe ganti pin beberapa kali salah terus pas mau login"
Fery Setyawan,1,2026-03-23 22:58:07,tidak bisa connect ikd!!!
Tommy Tri Saputra (Tom),4,2026-03-23 11:54:10,"Berhubung di reply, ada bug pada opsi login menggunakan app ""Identitas Kependudukan Digital"", tolong di periksa"
sterlie malonda,5,2026-03-22 10:40:08,sangat baik
Agus Chandra,1,2026-03-22 01:48:52,iya gak bisa login.. isi kode OTP udah bener masih aja permintaan tidak valid.. hadeh..
I Made Aryana,5,2026-03-21 19:01:49,dapat mengetahui keadaan kesehatan kita di hp secara online 👍🙏
Samto Pramono,5,2026-03-21 17:36:07,excellent banget
TK,1,2026-03-21 10:24:09,udah enggak bisa dipakai
Feni Rose,1,2026-03-20 09:06:10,Jelek sekali! Gak bisa login sama sekali! Bikin aplikasi gak becus!
Andi C,1,2026-03-19 00:46:54,point hilang
Anisa Apoteker,5,2026-03-18 20:12:03,bagus
Life and repeat,1,2026-03-18 13:20:45,"tidak bisa masuk aplikasi, pin notif selalu salah padahal sudah reset pin berkali-kali"
D Y,1,2026-03-18 07:34:15,"nggak jelas. pin saya salah terus. sudah ganti pin, sudah saya masukan semua data. lah kalau urgent gimana? keburu lewat."
Sarma T,5,2026-03-18 04:50:39,kreatif dan inovatif
Hardoyo Purwono,5,2026-03-17 21:33:23,terima kasih tuk progam cek kesehatan gratisnya. bermanfaat sekali. ini tiap tahun kan ya?
SRI MARYATI,5,2026-03-17 21:24:14,terbaik
Rahima Nur Saputri,4,2026-03-17 12:15:00,Bgusssss
Valenciene Veronika,1,2026-03-17 05:05:16,"SUDAH ADA JKN KENAPA MASIH PAKAI SATU SEHAT DAN JUGA, MALAH RIBET APLIKASINYA. MALAH GAK BISA DI HAPUS AKUN. MEMORY HP JADI PENUH KARENA APLIKASI DOUBLE"
Faizah -,1,2026-03-17 01:39:25,permintaan anda tidak valid. tidak bisa login
Rumah Tenun,5,2026-03-17 00:01:02,Terbaik.
Nopertus Madai,5,2026-03-16 23:36:34,setuju menjadi tanggung jawab kesehatan di satu sehat
Puput,2,2026-03-16 21:23:39,"boro² login, aplikasi di klik tok loading lamaaaa. udah nunggu lama malah blank"
Rubianto Jepara,5,2026-03-16 20:58:43,"point ,/rewodnya di lanjut ya kak"
Jehny Chrisna,5,2026-03-16 15:38:42,"bisa berkomunikasi dg pihak kesehatan. karena sy baru buka, aktifkan hp.. pendaftaran untuk pemeriksaan kesehatan, saya tunda - daftar ulang ssdh idulfitr i (mengisi form) - tksh"
Iwan Hermawan,1,2026-03-16 14:54:23,Parah habis noh aplilas1nya...login ga bisa2 jelas2 password dh bener...forget pass sdh masukin otp error mulu keterangan permintaan tidak valid...ngaco nih dh pasti...paraaah2....pliss atuh...jgn ngawur gini..
Tuti Alawiyah,5,2026-03-16 10:11:51,sangat membantu untuk mengetahui kondisi kesehatan
Rangga Leonard,1,2026-03-16 04:58:32,"Ini masih bermasalah, saya mau ubah ke bahasa Inggris gak bisa malah masih muncul bahasa Indonesia. Terus juga kalo sinyal hilang ini sangat riskan sekali hanya untuk masuk bioskop / mal saja sudah susah sekali Masih jadi masalah sampai sekarang dan saya tidak bisa masuk ke akun SatuSehat"
Ani Susetyowati,5,2026-03-16 04:15:50,sangat membantu
Wulan Siti sarah,1,2026-03-15 19:14:11,kenapa ga bisa melakukan pendaftaran padahal blm pernah cek kesehatan sama sekali malah udh ada skrining nya
Endang Supraptini,5,2026-03-15 04:32:49,sangat membantu dalam menjaga kesehatan
Bapak “Kang dedi” Aing,2,2026-03-14 19:49:16,kenapa aplikasi satu sehat waktu dibuka keluar sendiri aplikasinya
frenky imanuel,5,2026-03-14 02:48:37,pelayanan yg baik
Embun Diarsih,5,2026-03-14 00:45:26,sangat membantu kami yang keterbatasan biaya untuk pengobatan
Rochmat Ajiantoro,1,2026-03-13 22:48:41,"bintang -1 kalo bisa. ngga bisa login, sudah bolak balik lupa pasword. sudah verifikasi. mau login tetep salah pasword terus. sistem ngga guna"
Michael Hendri,1,2026-03-13 14:29:35,jujur saya sudah beberapa kali daftar dan masuk kembali tetap tidak bisa dengan alasan pin salah dan saya ganti tetap sama tidak bisa masuk. tolong dong arahannya apakah aplikasi ini bisa di gunakan apa tidak. seharusnya aplukasi ini membantu masyarakat untuk mendapatkan data dan informasi malah membuat ribet bolak balik untuk masuk aplikasinya
Ali Karomi,5,2026-03-13 01:29:12,sangat membantu praktis mudah di pahami
musa alb,2,2026-03-12 07:43:12,"Pada saat akan mendownload sertifikat vaksin covid, malah tidak bisa terus dan error terus Soalnya segera butuh ini, tolong segera perbaiki"
Sri Suryaningsih,5,2026-03-12 06:29:41,pelaksanakan cek kesehatan berlangsung baik
PANCING DUA ALAM,1,2026-03-12 05:10:03,sekarang dah jadi ocleh malah susah log in aja gak bisa terus
kailaa adit official,5,2026-03-12 01:21:41,baik
Sunarwi Blitar,5,2026-03-12 00:53:09,"maaf, msh bingung dgn data2 yg hrs di isi waktu mau mengambil nomer antrian berobat di rumah sakit/puskesmas"
bambangs960,4,2026-03-11 12:19:26,"saat aku lupa pin utk pengiriman code bisa tapi opsi utk inputnya tidak ada , aneh ya"
Hilman Irshadi,1,2026-03-11 09:17:33,"please lah gak ada perubahan. ini mau log in gabisa terus. tulisan pin salah yang udh jelas2 bener. udh coba lupa pin dan buat ulang terus giliran mau log in, tulisannya sama pin salah. emg sepikun itu baru 1 menit buat pin langsung lupa? yang buat sistem kerja yang bener dong ahh udah seminggu gini terus"
Habib Ghoni,1,2026-03-11 05:20:12,adanya cuma mempersulit
Agus Sumarwanta,5,2026-03-11 03:46:52,praktis dan membantu sekali
Rahman Emon,1,2026-03-10 20:47:02,aplikasi ga berguna dan tidak bisa daftar SMA sekali
Didi Karyadi,2,2026-03-10 15:59:54,masuk ke identitas kependudukan digital gak bisa2
Engkoy Sulastri,5,2026-03-10 07:44:04,pelayanan kesehatan di puskesmas cilincing sangat memuaskan
lin mar,5,2026-03-10 02:43:05,mantap
Nur Setiawati,5,2026-03-10 00:58:31,Baik
aissatun,2,2026-03-09 16:03:27,"Min saya lupa email+no hp udh ga berlaku, saya butuhh surat vaksin untuk keperluan kerja, tolong dipermudah bantuan nya, bagaimana ya, saya Uda ngemail, tp balasan nya nunggu trs tolong dipermudah dong aplikasi nya aduhhh"
Ovtii Almaratustya,1,2026-03-09 15:12:27,Sungguh lelet ini aplikasi tidak dapat digunakan
Arief jigre,5,2026-03-09 12:25:41,good Aplikasi
Gamaliel Sembiring,5,2026-03-09 09:36:29,udah bisa login..
LANDO TUMPAL SIAHAAN,4,2026-03-09 08:33:59,baik
Barnabas Harriyanto,5,2026-03-09 06:03:12,ok baguz
Rosalina Arifien,5,2026-03-09 04:32:55,Membantu kami lansia sbgai reminder.
Martini Setiyati,5,2026-03-09 03:26:07,saya sangat terbantu dengan adanya aplikasi satu sehat ... trus buat inovasi untuk indonesia sehat
Febri,1,2026-03-09 02:26:37,"aplikasi aneh, udah daftar udah login masukin pin sandi udah bener kok dibilang ""TIDAK VALID"" sampe terblokir gara gara ""TIDAK VALID"""
B. Chriswanto,1,2026-03-08 03:10:49,"udah masukin pin malah keluar sendiri, kan menyebalkan"
Indra Kholis 2,1,2026-03-07 21:42:48,"Sudah masukkan kode verifikasi dengan benar, untuk ubah nomor handphone, tetapi terus-menerus dianggap salah."
Cimapz 90,1,2026-03-07 21:07:53,g bsa login sm sekali pncet lupa akun msukin nik jg g bsa katane nama td sesuai nik lahhhh dr dlu nama di ktp sya bgtuuuuu smpe dr akte lahir ktp ma surat2 lain y ituuu aneh bgt aplikasinya
Wisnu gani Fadholi,1,2026-03-07 18:58:50,"ga bisa buat login sama sekali ini gmna,butuh bgt ini buat kerjaaa!!"
Prangi Nurul Falah,1,2026-03-07 05:58:17,"Tolong kalau hire Team Tech yang bener, yg kompeten di bidangnya. Saya gabisa login, jelas-jelas udah masukin OTP dengan sesuai, udah dicoba berkali-kali keterangannya selalu permintaan anda tidak valid."
lukman 20,4,2026-03-07 04:08:40,buat sy cukup baik
Sumi Ati,5,2026-03-07 02:57:23,pelayanan baik dan sopan
0mpit Black,1,2026-03-06 12:21:44,barusan update koq malah ngga bisa login terus
lisma yanti,5,2026-03-06 01:52:34,"Alhamdulillah pelayanan kesehatan gratis ini sangat membantu sy selaku warga dalam hal kesehatan secara gratis, pelayanannya juga baik dan ramah....semoga saja program kesehatan ini berjalan lancar dan menambah jumlah pelayanan pasiennya..."
Nuryanti Sumedi,5,2026-03-05 17:27:58,"bagus aplikasinya, hanya kadang kendala jaringan, hingga lambat muncul tampilan di layar"
Syahdian Abian,1,2026-03-05 16:39:07,kenapa setiap saya login gak bisa masuk loading screen langsung otomatis keluar aplikasi
Lanny Hermanto,5,2026-03-05 10:36:07,senang dengan informasi nya
Wira Dhio,5,2026-03-05 08:31:09,good
Yovi Ridwanto,5,2026-03-05 06:54:16,ok
Ardi Ardiana,5,2026-03-05 04:43:41,cukup membantu memberikan info2 tentang fasilitas serta content2 seputar kesehatan
Junaidi Eko Saputra,5,2026-03-05 04:15:04,sangat membantu untuk saya dan kesehatan saya..
Anton Cexa,5,2026-03-05 04:07:41,Sangat Membantu khususnya kami yang berpenghasilan kecil. Terima Kasih
Masyuki,5,2026-03-05 03:47:45,sip muantap semoga selalu sehat salam sehat dan semangat
Pelita Jayamotor,5,2026-03-05 03:44:11,"Mantap, Pelayanan kesehatan Gratis"
apt Herlin Simbolon,5,2026-03-05 00:36:17,keren
Natama Sibarani,5,2026-03-04 16:09:23,untuk sertifikat di lhat dari mana..
Yazha Islah,5,2026-03-04 08:46:09,tolong ditambah fasilitas kesehatan Gratis untuk bumil dan bayi nya.
Yulianus Nong,5,2026-03-03 13:20:26,Lancar² Saja.. Terimakasih
Sungkem Sembah,1,2026-03-03 07:10:28,ini gimana login berkali² gagal terus. sudah ganti PIN pun ga bisa juga. knp smp hr ini blm bs login juga pdhl sdh kirim pengaduan?
desy sagita,5,2026-03-03 03:09:02,oke
Andi sibarani,1,2026-03-03 02:56:00,gak berguna.. lebih berguna tim kesehatan langsung terjun ke lokasi atau pemukiman warga
GUDANG GARAM,1,2026-03-03 01:52:20,klau memang belum siap tidk usah di paksakan.. habisin angaran untuk hal hal yg rumit dan mempersulit .. saya dapat notif untu masuk web tp minta nomor tiket.. yg di madsut nomor tiket itu apa? nomor Rm? nmor kunjungan? atau nomor antrian? paaayaaahhh
Ika Yanti,5,2026-03-02 21:44:44,sangat membantu
Rafidah Sukmana,5,2026-03-02 04:58:01,puskesmas ponorogo selatan sangat baik pelayanan CKGnya
Iwan Setiawan,5,2026-03-02 04:57:21,good
Azis Zaelani,1,2026-03-01 09:42:14,busuk
Arfandi Andi,5,2026-03-01 07:38:44,ok
Wulan,1,2026-02-28 16:32:44,gabisa login atau daftar
Lis si cuplis,3,2026-02-28 13:22:34,bagus
Daffasaktipratama Daffa,5,2026-02-28 13:05:29,bagus
Aditya Samsul Maarif,1,2026-02-28 08:14:46,"ini kok ngga bisa login ya, eror apa gmna apk nya"
Ikrom M,1,2026-02-28 04:56:31,"Tolong perbaiki di bagian vaksinasi covid non-indonesia. Saya mau daftar sertifikat gak bisa ini gimana, muter-muter terus."
Titin Sutinah,4,2026-02-28 04:45:56,baik
Abrico Saekopona,1,2026-02-28 04:23:48,ini aplikasi dibuat utk buat kesal orang kyknya... login same tahun jebot gag bisa masuk2... tolong la... ini di ulasan hampir semuanya menyampaikan hal yg sama.. tolong la dibenerin
Angga Febri,1,2026-02-28 03:33:49,gaguna
Jaka Purnama,5,2026-02-28 00:19:43,udh downlod aplikasi tapi kaga masuk aplikasi mohon bantuannya
Nissya Aura Putri,5,2026-02-27 23:34:26,bagus adanya program ini
Ani Yani,5,2026-02-27 17:40:54,Alhamdulillah jd bisa terpantau
Siti Maesaroh,5,2026-02-27 16:25:33,"sudah bbrapa th terakhir saya setiap bulan kontrol cek lab utk pemeriksaan gula darah tensi dan kolesterol, selama ini pelayanan keseluruhan luar biasa, dari depan, sekuriti, petugas pendaftaran, dan semuanya ramah baik, melayani sepenuh hati, pelayanan di puskesmas Kebayoran Baru sangat memuaskan... terima kasih Bapak Ibu dokter dan semuanya"
dias newborn,2,2026-02-27 13:39:54,"kenapa tidak bisa download sertifikat vaksinnya min, ini aneh banget dah"
Abdi Ramlansyah,1,2026-02-27 09:14:50,"aplikasi ga ada gunanya,masuk aj susah"
Putra Prasetya,1,2026-02-27 06:49:59,aplikasinya bagus
PiEJE Chanel,5,2026-02-27 06:46:41,oke
Akew Hg,1,2026-02-27 06:03:33,tidak bisa login kode verifikasi sudah sesuai yg di kirim ke email tapi tetap tidak bisa masuk 👎
Siti Maryam,5,2026-02-27 00:53:57,sangat memuaskan... melebihi ekspectasi. mohon program ini dipertahankan. Tks
Huhu Huhuhu,1,2026-02-26 21:50:03,"gajelas eror,gbisa masuk ataupun daftar busuk"
Rivoca Billien Freheranto Putra,1,2026-02-26 13:53:53,"Gak bisa login jnvalid terus, pakai hp istri bisa login aplikasi gak support untuk semua hp"
Charma208 :3,1,2026-02-26 13:01:20,"login ny bermasalah bgt, mau cek kesehatan aj lemot bgt wkwk"
Iin Lim,5,2026-02-26 01:52:19,"sudah bisa login, terima kasih ya."
Nia Bana,1,2026-02-25 21:16:56,"setelah di perbarui kenapa aplikasi.nya susah sekali untuk log in .tolong di perbaiki lagi apk.nya ,susah sekali di akses!"
Dian SriOktaviyanti,5,2026-02-25 16:12:48,baik
Sutarti Taty,4,2026-02-25 14:47:42,sangat membantu
Keceng Fendik,5,2026-02-25 05:07:58,puas
Al Zupri,5,2026-02-25 02:11:05,ok bgt
Bebe Berlian,1,2026-02-24 22:47:44,"020523 tiap mau masuk sering minta login lagi lewat no hp 250226 login gk bisa pakai no hp, minta daftar dari email"
sukri Descom,5,2026-02-24 10:33:41,sangat bagus membantu dalam cek kesehatan
Rifqi Anggara,1,2026-02-24 08:57:21,"aneh, sudah masukan nomer telfon lama, trus giliran masukan nomer telfon baru gagal karna gangguan notifikasi whatsapp. korelasi antara notif wa sama aplikasi ini apa"
Drs Ahmadi,5,2026-02-24 08:44:11,terimakasih
Syaefudin As Ari,1,2026-02-24 07:58:39,susah login udah lupa pin tapi salah mulu aplikasi kocak disuruh konek identitas kependudukan digital malah lemot ah
Deswita Auraliyani,1,2026-02-24 07:04:31,"aplikasi yang bikin kehabisan kata-kata. perkara mau login doang susahnya minta ampun. awal lupa pin, verif lewat wa gabisa akhirnya pake email. udah verif pake email, dah ganti pin mau login selalu dapet kata-kata mutiara ""sepertinya permintaan anda tidak valid"" terus terusan kek gitu. pemerintah tuh mau sampe kapan sih nyusahin rakyatnya, ga habis pikir sumpah duit pajak dipake buat bikin aplikasi dengan kualitas yg ga layak kayak gini."
petrus sandiwan,2,2026-02-24 06:14:15,untuk pilihan provinsi Yogyakarta tidak muncul.? tidak bisa penyelesaian profile
mbah tolang,5,2026-02-24 05:42:36,keren
dian Yun (dian yun),4,2026-02-24 04:30:38,hebat
Riska Nurlilis,4,2026-02-24 04:13:31,good
Bambang Hilmansyah,5,2026-02-24 04:11:55,tingkatkan lagi
Mikhail Boyka,5,2026-02-24 02:19:27,sangat bermanfaat dan sangat bagus buat informasi tentang kesehatan👍👍👍
Slamet Budi,4,2026-02-23 11:02:11,Pelayan baik
Ahmad Fauzan,2,2026-02-23 07:22:23,sertifikat vaksin tidak bisa diunduh semua :(
Ahmad Muslih,1,2026-02-23 07:19:54,"login pake nomor hape ga bisa, katanya pemeliharaan sistem tapi lama banget ga segera diatasi padahal mau butuh sertifikat vaksin"
Bergas Sumbut H,1,2026-02-23 07:18:07,"Udah cek ini gaada 30 menit jadi cek out sendiri, gps juga nggak update, tolong diperbaiki, update pertanggal 23-02-2026 tidak bisa login sudah ganti pin 2x melalui verifikasi email masih tidak bisa login, aneh"
Sri Miyati,4,2026-02-23 06:44:24,suka karena mengetahui kondisi tubuh...
Ahmad Rifani,1,2026-02-23 06:36:49,"aneh banget gua mau login malah terhalang pin, mau direset pin malah ga bisa"
Resta Prihastika,5,2026-02-23 05:35:08,bagus dan lebih modern
Ekandra,2,2026-02-23 03:29:02,Lebih ditingkatkan lagi. Cek sertifikat sering g keluar
Atmim Lana N,2,2026-02-23 01:38:51,"apakah ini aplikasi yg sama dengan peduli lindungi,,,saya mw cek vaksin saya waktu itu"
Zainal Abidin,5,2026-02-23 01:03:34,pilihan sehat ya satu sehat
Hamdan Eka,5,2026-02-22 20:01:25,good
Catur Febriananda,1,2026-02-22 12:54:55,Buruk.. tidak bisa login.. Aplikasi sudah tidak berfungsi
Dwi Subekti,1,2026-02-22 12:06:19,"kaga bisa login, menyusahkan saja"
Rembol Groub,3,2026-02-22 02:47:07,sehat itu mahal
Yusuf Bahtiar,5,2026-02-21 01:23:42,sangat membantu saya
Mouza Imut,5,2026-02-20 22:27:49,dg ada apk ini sgt terbantu n apk ini mudah dipelajari jg kita tau ttg kesehatan diri kita...jaga kesehatan lebih penting dr segalanya
kushandayani musringah,5,2026-02-20 15:12:30,layanan pemeriksaan bagus
Gracela Chindy,5,2026-02-20 07:32:58,luar biasa
Alex Hanura,1,2026-02-20 07:10:27,aplikasi apa ini.....lebih parah dari palling buruk nilainya soalnya tetap gak bisa masuk padahal sdh bilang terdaftar tp tetap gak bisa masuk...
Ika Setyowati,5,2026-02-20 03:31:34,semoga bermanfaat
verina lutfiah,1,2026-02-19 14:35:51,"APLIKASI PEMERINTAH TAPI BOBROKNYA MINTA AMPUN, SAYA MAUMEMBETULKAN PIN KARENA SAYA LUPA NAMUN PROSES VERIFIKASI RIBET KATANYA GABISA MELALUI WHATSAPP. TOLONG YA INI APLIKASI PEMERINTAH KENAPA BISA SE BOBROK INIII!!!!!!"
Wardani Maulidi,5,2026-02-19 03:14:33,baik
Anthok Pratama,5,2026-02-19 01:54:55,slm sehat dan semoga Aplikasi satu sehat tetap jaya memberikan pelayanan kepada masyarakat melalui aplikasi ini dan semoga kedepannya lebih maju dan lancar ..Aamiin
Andrevina Marthauli Warouw,1,2026-02-19 01:34:02,"Lupa PIN dan verif ulang, malah tidak bisa kirim OTP. menghubungi bantuan juga ribet harus ada video atau foto kendalanya."
Agasi Arobi,5,2026-02-18 14:14:30,Mudah di akses serta dapat daftar cek kesehatan secara gratis
Lizar Rusdi,5,2026-02-18 10:06:49,aplikasi yang baik utk digunakan mengontrol kesehatan. dan gratis pemeriksaannya
Ganbaru Channel,1,2026-02-18 05:16:44,"aplikasi gak guna, mau buat masukin data vaksin dari luar indonesia tidak bisa,,, Aplikasi Payah"
Dewi Dew,1,2026-02-18 03:54:46,makin lama bukannya makin bagus malah makin jelek
Patirah irah,5,2026-02-18 03:52:31,memuaskan
Dewa Takayuki,5,2026-02-18 03:33:59,very good
Sartika Oktaviani,1,2026-02-18 03:30:04,"Ini kenapa ya pin selalu ga valid, padahal udah ganti pin di saat itu juga tetap aja ga valid?"
Mem Farida,5,2026-02-17 14:42:31,"sangat membantu , tp klu bisa pertanyaan skrining mandiri lebih di fokus , saja trimakasih 🙏atau bisa kasih reward tiap 6 bulan sekali , biar lebih. semangat , trimakasih"
Ammar Rulloh,1,2026-02-17 13:32:23,harusnya kalo sudah rating 3.3 developer koreksi diri
Ibnu Nizar,5,2026-02-17 09:36:43,bagus sekali
Vivi Eka,1,2026-02-17 06:21:24,tolong dong ini permudah untuk login nya. dulu sya daftar pake hp yg udh rusak dan ga inget pin nya. ini mau login pake nomor yg sama jg ttp ga bisa. pilih daftar munculnya akun udh terdaftar tp ttp ga bisa masuk. butuh bukti sertif vaksin untuk lamar kerja.
Linkasa,1,2026-02-17 04:05:05,"kacauu, setelah di update malah ga bisa login lagi. udah coba ganti pin dan masukkin pin baru sesuai dengan yang di buat tetep ga bisa login. keterangan pin salah terus. aplikasi satusehat udah banyak trouble sebelum nya sekarang makin jadi sampah gini sihh."
Nani Kurnianingsih,4,2026-02-17 00:12:34,memuaskan terima kasih
Bambang Riyanto,5,2026-02-17 00:12:04,pelayanan ramah dan bagus
Ahmad Rofiqi Firdaus (Cak VQ),1,2026-02-16 15:43:13,"Saya rubah jadi bintang 1 karena ada 2 hal vital yang belum berfungsi dengan baik, yaitu integrasi dengan aplikasi Dukcapil IKD dan server rasa UMKM, lemot parah. Padahal dana nya gede tapi gak bisa pakai server skala global??? Kalau sudah dibenahi dan sudah bisa, nanti bisa saya revisi bintang nya"
Abie Huseino,1,2026-02-16 06:16:26,"saya ingin melaporkan bahwa sertifikat vaksin saya tidak terdaftar di apk satu sehat, tapi untuk melapor saja tidak bisa, aneh"
Daddy Abdul Rachman,4,2026-02-16 01:53:37,baik
Muhamad Rafi Akbar,1,2026-02-16 00:56:43,"Gimana ini cara masuknya, lewat email gabsa, ini gabisa, itu gabisa, ga berguna bgt aplikasinya"
kaisyajauhara Aulia,1,2026-02-15 16:15:57,saya dari tadi otak atik verifikasi malah nge bug melulu. Tolong ya diperbaiki. jujur saya kecewa dengan apk ini padahal saya sudah berharap penuh.
S******O 9****0,4,2026-02-15 12:59:02,semoga membantu program kami merlukan kesehatan medis
BLUE KAZAMA,1,2026-02-15 11:05:49,ini gw kpan daftar nya ya kok tau tau udah terdaftar aja
Arianata Aulia,1,2026-02-14 03:07:37,"ini gimana sih aplikasi.. sediain login via IKD tapi gak bisa error, sediain login via email tapi pas masukin PIN malah gak bisa login akhirnya ""LUPA PIN"" buat PIN baru ehh pas dah buat PIN baru tetap gak bisa login.. gimana sih nih aplikasi.. Niat gak sih bikin aplikasi bukan buat permudah malah bikin ribet"
Maria Christina,5,2026-02-14 02:48:25,pelayanan & pemeriksaannya memuaskan
halo Mynameis,1,2026-02-13 23:16:31,Aplikasi busuk
Wina Benaya,5,2026-02-13 08:02:14,an.sondang Oktavia sdh mcu terimakasih
ayu NA,1,2026-02-13 04:45:09,"Ribet,mau verifikasi aja harus ke puskesmas."
Linawati,5,2026-02-13 01:24:05,sy dibantu pihak puskesmas untuk mengaktipkan
ronaldo wijaya,5,2026-02-12 16:12:56,ok aja
ali mustopa,5,2026-02-12 12:51:41,manfaate opo bro?
Tiya,1,2026-02-12 11:51:11,"aplikasi gak jelas, banyak errornya data2 banyak hilang setelah di perbarui aplikasinya"
fajar wasis,1,2026-02-12 10:50:02,"gk bisa masuk terus berkali"" masukin kode otp"
Rizki Suherman,2,2026-02-12 09:13:47,"tolong lah masa kalo lupa akun cuma bisa verifikasi nomor, lewat email juga ga bisa. harusnya bisa mastiin lewat verifikasi KTP atau wajah. kecewa gw. aplikasi pemerintah tapi isinya busuk."
Aisyah Novianti,1,2026-02-12 08:27:54,"pemerintah kalo bikin aplikasi emg gk guna semua,,,asli bikin emosi jiwa..login aja dipersulit masa buka bbrp detik ke gmail aja kode otp gk bisa aneh lu...gk niat bkin aplikasi gk bkin aja..ribet bnget mw login jg 😏 dlu aplikasi punya pemerintah yg lain jg dipersulit ni lgi jg..."
Dwi Purwanti,5,2026-02-12 07:49:44,menyenangkan
Kapi Sambo,5,2026-02-12 04:39:53,sangat membantu dalam men introspeksi diri khusus kesehatan
Ari Wirajaya,5,2026-02-12 04:38:22,Selalu monitor keandalan dan kemudahan fungsi bagi pengguna aplikasinya shg tetap aman lancar scr kegunaan. Tks
Miftahud Diniyati,5,2026-02-12 01:23:45,sangat membantu.. terimakasih
suranti jayapura,5,2026-02-12 00:29:33,pelayanan kesehatan itu mudah
Gandewaroni roni,1,2026-02-11 23:28:02,kalau aplikasi masih uji coba mohon jangan dipublikasikan dulu
MARGONO MANURUNG.,5,2026-02-11 21:24:29,Mantap
RAJA PAWON DEPOK,5,2026-02-11 12:51:21,ok
Sri Leatari,5,2026-02-11 12:12:44,dengan aplikasi ini kita bisa dengan mudah melihat riwayat penyakit yg kita alami
ersa sari,5,2026-02-11 08:43:08,bagus
Netty Wahyuni,5,2026-02-11 06:10:46,pelayanan baik dan lancar
Selvanus sevnat Sevnat,5,2026-02-11 05:01:38,sangat Baik
Novika Sari,4,2026-02-11 04:30:05,nice
Devi Arifiadi Arifin,5,2026-02-11 03:49:10,sangat bermanfaat
Suryani Ninuk,4,2026-02-11 01:36:04,sangat bermanfaat dan menyenangkan
Friska,1,2026-02-10 22:44:15,tidak bisa diakses memepersulit masyarakat sudah hubungi helpdesk gk ada solusi sama sekali
Semara putra,3,2026-02-10 22:43:59,Kenapa saya tidak bisa login??
Zuli,3,2026-02-10 12:38:39,ok
Anton Surentu,1,2026-02-10 12:06:34,"aplikasi yang sangat buruk sekali, sungguh mengecewakan!!!"
Wiwin Priadi,2,2026-02-10 10:45:22,"ini maksudnya gmn si kok jadi ga bisa masuk ya,, no.telpon/ email ga bisa.. hadeehh.. tolong di perbaiki"
Mifta nawawi,1,2026-02-10 09:11:06,apk sulit di akses . kode otp ngak bisa
Ira Afisa,1,2026-02-10 09:04:02,Fitur login untuk apa disediakan kalau user gak bisa masuk ke akunya?
awal akhir,1,2026-02-10 05:58:20,"ribet amat harus pakai nohp lama segala, lantas kalau nohp lama sudah rusak atau hp tersebut hilang beserta dengan kartu hp nya, trus bagaimana dengan orang yang sudah terdaftar tapi tidak bisa kembali ke akun lama sesuai KTP, jangan dipersulit donk, aplikasi juga punya lu"
Gerald Julio Tana074,1,2026-02-10 01:46:52,aplikasi apa ini menyusahkan orang kita login tidak bisa malah disuruh daftar kita daftar malah tidak bisa aplikasi tidak recommended menyusahkan
Dewiw Nasution,5,2026-02-10 01:36:50,bagus buat mengontrol kesehatan secara mandiri
Jumardin Clashers,1,2026-02-09 08:46:51,tak bisa di download
Hendra Gunawan,1,2026-02-09 07:36:47,"aplikasi taik,, ngabisin kuota aja nyuruh upgread... login tetap gak bisa"
Gonang Fajar,5,2026-02-09 07:16:30,"udah nyobain CKG di puskesmas cikupa, mantap.."
Toni Hadi Pratama (Godel),1,2026-02-09 06:59:26,"gak bisa login padahal udah di clear cache,hapus data sama uninstall dan install lagi tetep aja gak bisa login"
winda felisa,3,2026-02-09 06:30:55,"aku kira pemeriksaan gratis untuk yg ultah tuh bakal ada pemeriksaan kolesterol, asam urat, dan gula darah dll gitu, ternyata cuman periksa gula darah saja. abis itu selesai"
Khoirul BR,1,2026-02-09 05:05:51,"maaf saya mau login untuk cek vaksin ke 2, sulit"
Dedi Yuliadi,4,2026-02-09 04:16:43,bagus sekali pelayanan baik dan petugas ramah
Monica Duha,2,2026-02-09 03:36:33,sudah daftar Satu sehat email dan sandi sudah benar tapi tetap gagal masuk mohon bantuannya🙏 untuk mengatasi masalah tersebut
Fania Niaafa,5,2026-02-09 01:36:05,aplikasi nya bagus banget
Raffi Abdul Rahman,2,2026-02-09 01:29:06,"aplikasi apaan si login aja gbisa, klo gbisa bkin aplikasi gausah bkin, kenapa maksa bgt klo skill gaada..."
Susilawati,5,2026-02-09 01:24:54,hebat
All Imron,1,2026-02-08 23:17:37,huh ga berguna kaga bisa masuk terus gagal terus udah berbagi cara juga ...
Ilsiel,1,2026-02-08 20:49:35,"masuk lewat ikd gabisa, masuk lewat nomor telpon wa nya juga gabisa ,pencet lupa email ujung ujungnya masukin nomor tapi kgk bisa sama kek sebelumnya masuk lewat nomor ,terus buat apa aplikasi ni terus jalan? kalo dimatiin fungsinya dan kgk pernah di update atau di fix masalahnya apus aja sekalian ,kalian tua bangka bukanya memperbaiki malah didiemin doang,cuman balas komen orang orang dengan kata maaf , kami butuh aksi untuk memperbaiki bukan kata maaf aplikasi gaguna"
dwi yanti,2,2026-02-08 07:09:49,Di upgrad malah gx bisa login knpa ini astaga gx jelas bngt
ARSIMO os,5,2026-02-08 06:19:22,sangat membatu dlm pengecekan riwayat kesehatan
Richi Buana,1,2026-02-08 05:24:39,ga jlas nih pembaharuannya login pakai no hp ga bisa ngirim otp
samsul arief,5,2026-02-07 14:51:13,terimakasih atas kerjasamanya
Vanilla Putri Purnama,1,2026-02-07 14:18:25,mau login/daftar aja error terus
Sandy halim,5,2026-02-07 13:15:16,sangat membantu mengetahui kesehatan saya
FIKRI Zain,1,2026-02-07 06:27:25,"tolong lah mau login ga bisa bjsa, email ga di temukan nomor hape juga, pas daftar malah di bilang udah terdaftar, bobrok kali sumpah, udah menghubungi semuanya yg di suruh masih ga dapat solusinya, tolong lah butuh kali buat berkas masuk kerja ini!!!"
Bintang Raka,5,2026-02-07 06:26:02,SempurNaa😅
wendy kamal,5,2026-02-07 06:07:59,sangat membantu dalam menjaga kesehatan
Adhit_ Dit,1,2026-02-06 14:35:16,"ini kenapa g bisa login dah, masukin pin udh bener tetep tidak valid, Ampe ganti pin baru tetep g valid. payah"
Fitranta Egi Wijaya,1,2026-02-06 13:12:32,ini apk punya pemerintah tapi bapuk banget habisin uang APBN aja lemot banget pada niat kerja gak sih
Gina Ginag,1,2026-02-06 08:52:52,"ini kenapa sih gak bisa login, bilang nya salah nama padahal udah bener!!"
Tata,1,2026-02-06 06:28:06,"Apk gak jelas, tolong dibenarkan masalah login. Input pin salah terus padahal sudah ganti ulang tetap saja tidak bisa login. aneh"
eko prasetyo,1,2026-02-05 13:42:30,"ganti saja aplikasi atau perbaikin aplikasi saat ini, sungguh sangat tidak membantu. setiap log in masuk kan pasword selalu salah. sampai pakai lupa pin. tetap saja ngga bisa masuk ke menu"
perdamen sembiring,1,2026-02-05 11:54:48,"hiii, bulak balik bulak balek seperti ucapan jokowi hanya untuk ganti password tapi gak berhasil jg. akhirnya kena hukuman 8menit."
Dandy Danu,1,2026-02-05 09:29:23,"akun saya kenapa tidak bisa masuk sama sekali sih, aneh"
listya rini,5,2026-02-05 09:07:24,Satu sehat mobile merupakan perangkat aplikasi digital yg lebih praktis dan modern tapi untuk kebanyakan orang seusia sy kalau tdk dibimbing anak yg lebih muda agak ribet menggunakan nya
Nia Setiawati,5,2026-02-05 03:56:22,dengan adanya aplikasi ini sangat membantu
Ahmad M (Ahmad),3,2026-02-05 01:56:13,berapa hari hasilnya keluar? sudah 10 hari belum juga ada hasil
nenny Oktarina,5,2026-02-05 01:43:01,bagus
Zany 47,5,2026-02-04 15:41:35,mantaapp
Bambang Dono Samekto,5,2026-02-04 08:08:33,sangat bermanfaat utk monitoring dan menjaga kesehatan para Lansia.
Carla Malonda,4,2026-02-04 07:50:20,Ok.
Rudi Marthalaya,1,2026-02-04 06:07:34,kenapa jadi tidak bisa login apakah aplikasi ini masih berfungsi?atau cuma aplikasi abal2 kagak jelas banget👎👎👎
Sam Poerna,5,2026-02-04 03:54:13,Penggunaan aplikasi sangat mudah. Link di semua puskesmas.
fariz susanto,2,2026-02-04 00:13:19,"setelah di update kmrn malah tak bisa di buka, selalu rebon"
M. Nasikhun Amin,1,2026-02-03 22:36:05,aplikasi close sendiri sudah uninstal dan pasang lagi tetap aja sama tidak bisa masuk
Alvan M,1,2026-02-03 13:38:27,gak bisa masuk ke aplikasinya
Orang Biasa,1,2026-02-03 10:11:02,gak bisa login udah lupa pin bikin pin baru tetep aja gabisa login app kocak
M Yudi Afandi,4,2026-02-03 09:56:17,👍
Ita Aryas,3,2026-02-03 04:19:22,mantap
Edy Ita,4,2026-02-03 04:10:28,top
titin suprihartini,5,2026-02-03 00:19:12,sangat mendukung tapi kasihan masyarakat yg gaptek (gagap tekhnologi)
Eet Fariyanto,5,2026-02-02 22:53:00,terimakasih aplikasi ini cukup membantu dlm masalah kesehatan
Aing Dong,1,2026-02-02 11:49:11,"gini amat program cek kesehatan geratis, tgl 30/01/26 saya datang ke puskesmas tenjo. cuma diambil darah saja, dan hasil pemeriksaan nya ga ada sampai sekarang tgl 02/02/26."
Ani Mulyani,1,2026-02-02 11:05:42,"setelah keluar dari aplikasi. lupa pin, verifikasi lewat wa susah"
Mitra Mandiri Motor,5,2026-02-02 06:34:03,mantepppp
Fardho,1,2026-02-02 03:47:11,pin tidak dapat tervalidasi
Tomi Jonatan,5,2026-02-01 18:36:34,sehat semua
Brenda Tufania,3,2026-01-31 08:04:57,tampilan oke
fitri hakim,2,2026-01-31 05:19:29,"Nggak ngerti sama app ini, masukin email yg masih dipake katanya formatnya salah, masukin nomor telpon katanya nomor telpon sudah dipake.. Maksudnya gimana ya? Saya masuk akun sendiri juga"
listia nitip,1,2026-01-31 04:16:23,Pas daftar suruh pilih puskesmas buat cek kesehatan gratis di weekend kirain bisa. pas dateng ke puskesmasnya malah bisanya weekday. Minimal kasih info yg jelas lah. buang² waktu sama biaya.
Dohirul Amri,5,2026-01-31 00:24:16,menarik
agus suherman,3,2026-01-31 00:17:32,yang sudah ada tingkatkan lagi
Rio Anuari GuLtom,4,2026-01-30 16:37:20,good
I Made Suastana,5,2026-01-30 16:15:49,sangat bagus
Rafaelle Fitriyanti Thamrin,2,2026-01-30 15:22:54,sudah download tapi tidak bisa masukin pin tidak bisa
Vieber Smart,5,2026-01-30 12:50:24,"Mudah operasionalnya, bagus untuk monitoring rekam medis"
Ary Stya,1,2026-01-30 10:42:24,"Aplikaasi gk jlas gak bisa login, mna gua butuh sertivikanya buat krjaa, gak jelas emang aplikasi bikinan pemerintah"
abdul rasyid,5,2026-01-30 10:34:07,sangat bermanfaat dan berguna...
Tuty Nurhaety,5,2026-01-30 10:27:32,bagus banget
Ahilla Kammala,1,2026-01-30 03:18:33,"Bintang minus bisa gak ya? ini aku yang skill issue atau gimana ya? login berulang gabisa terus, plus respon status API gak jelas sama sekali, sayang sekali padahal latest UI sudah bagus tapi servernya kocak."
warih sadono,1,2026-01-29 13:02:53,"setelah diupdate malah sama sekali nggak bisa masuk,no hp udah bener,email udah bener,pin udah bener tetap nggak bisa masuk👎"
Marisa Rezky Utami,5,2026-01-29 10:07:22,"pelayanan yang baik,dan mudah."
Untung Saiman,4,2026-01-29 05:40:58,Coba dulu..
Samsung Galaxy,5,2026-01-29 05:00:44,6 ty💋ò
ronny rasmus,5,2026-01-29 02:46:23,Aku suka bagus sekali
Kusno Trihascahyo Wardhoyo,4,2026-01-28 17:18:44,Aplikasi ini sangat membantu untuk mengetahui kondisi kesehatan diri sendiri agar lebih terkontrol dan terjaga kesehatannya.
arya gutomo,5,2026-01-28 14:50:43,sangat membantu sekali
Hanita Fitry,1,2026-01-28 13:53:53,kak mohon maaf ini kenapa sertifikat vaksin ketiga saya gak ada padahal saya udah vaksin. mana ini di butuhkan buat pekerjaan saya
Umi Kabibah,5,2026-01-28 11:12:22,"praktis, mudah"
Joen Gemini,1,2026-01-28 07:11:23,gak bisa login padahal uda reset pasword .. ane ini ada udang di balek rempeyek .
Syafri Man,4,2026-01-28 06:44:50,Good
Tita Rimawati,5,2026-01-28 05:44:43,selalu memberikan pelayann yg terbaik
Fay Yola,5,2026-01-28 03:52:01,good
Riani Mantini,1,2026-01-28 01:15:10,"abis diperbarui, malah gak bs login.. aneh"
Ronni Hermawan,1,2026-01-27 22:48:07,"Tidak bisa login, dicoba masuk dengan lewat aplikasi IKD juga gagal"
robert w,5,2026-01-27 16:54:56,good luck
alvi alvi akmalia putri,5,2026-01-27 09:29:55,"sangat membantu,cepat tanggap cermat"
H.7.P,3,2026-01-27 07:13:53,yang pake aplikasi ini buat daftar kerja atau pelatih doang
Nisrina Nurherwinda,1,2026-01-27 06:58:14,"gagal masuk terus pake email gabisa, pake nomor gabisa, pake NIK juga ga bisa. udah lupa pin atau ganti email yg lain juga ga bisa"
Lucky Fitriadi,1,2026-01-27 05:35:33,"saya coba daftar, tetapi informasi bik sudah terdaftar (padahal saya belum pernah daftar satu sehat, mungkin migrasi dari pedulilindungi). ketika saya masuk pakai lupa email dia malah minta verifikasi dengan email. bagaimana saya bisa masuk."
Domas Bayu,5,2026-01-27 04:13:37,nah ini baru betol
Syazz,5,2026-01-27 03:46:57,bagus
Play to earn,5,2026-01-26 10:17:57,"Percuma menyediakan opsi login via IKD kalau fungsinya mati total. Fitur ini seharusnya memudahkan, malah bikin ribet dan buang waktu. Tolong jangan rilis fitur kalau belum stabil."
fatimah nurrahma,1,2026-01-26 08:56:22,"sdh trdftr, tp mau login slh PIN. Sdh ganti PIN tp OTP tdk masuk ke wa,masuknya ke email, coba ganti pakai email, otp masuk ke wa tp invalid. sdh ubah PIN dan berhasil tp dinyatakan invalid. kalau blm siap layanan, gk usah diluncurkan ini aplikasi. nyusahin."
Antonius Nyuk,5,2026-01-26 07:58:54,makin inovatif
Rizky Apriansyah,1,2026-01-26 02:17:25,"aplikasi terlelet yang pernah saya pakai ya ini, ganti jaringan secara berkala hanya karna mau ngapa ngapain di dalam aplikasinya terlalu lama muatnya. Kirain jaringannya yang lelet, taunya emang aplikasinya yang bener bener lelet. Mohon diperbaiki segera dong, saya mau ngurus apa apa jadi terkendala."
NurulHida Saja,3,2026-01-25 23:10:05,"Kok nggak bisa log in ya, selalu muncul tulisan ""sepertinya permintaan anda tidak valid"" saat selesai memasukkan pin. sudah coba ganti pin dan sukses tapi buat log in gak bisa lagi."
Farida Berliana Sirait,4,2026-01-25 20:51:06,semoga semakin optimal
Dian_ Siwalima,5,2026-01-25 13:35:34,oke
Deni Arian Nando,1,2026-01-25 05:41:23,"tidak booking jadwal pemeriksaan, malah dapat notif booking jadwal, ketika diganti jadwal balik otomotis dan keluar hasil sendiri tanpa pemeriksaan, coba ubah jadwal lagi harus nunggu ultah lagi, aneh"
Sumarni Semanggi36,5,2026-01-24 14:51:34,Alhamdulillah kami bersukur adanya pemeriksaan gratis ini semoga sehat selalu 🤲 Terimakasih🙏
r. djoko indra adhy prasetyo,5,2026-01-24 12:44:42,untuk saat ini membantu
Filzah Olivia,2,2026-01-24 12:11:54,"Kak ini kenapa ya mau login dengan IKD loadingnya lamaaaaa banget, emang begini ya? Terima kasih"
Akhmad Giantri,1,2026-01-24 10:31:27,"Aplikasi terbaik sepanjang masa, sangat praktis sekali banget pisan chuaaakkksss"
subekhi wihendra,1,2026-01-24 02:31:16,"aplikasi aneh, ga bisa login, kode verifikasi udah berkali² diisi sesuai tetap ya bisa login"
Amin Budiyanto,5,2026-01-24 01:55:45,ok sangat membantu
Nanangarwi Arwi,5,2026-01-24 01:15:34,mantap benar
munandiroh 12,5,2026-01-23 05:19:31,mantab
Yayah Hoeriah,5,2026-01-23 03:47:11,"Pelayanan bagus ,kalau bisa pelayan giigi palsu bisa Puskesmas ,agar lebih efektif ,efìsien .karena kalau di Pusatkan di salah satu RS.kurang efisien"
ابو محمد السياني,5,2026-01-23 03:12:15,ajibb
Agung Raka,5,2026-01-22 13:10:23,good
Zerzoey Offical,1,2026-01-22 05:48:48,"aplikasi habis masuk logout,masuk lg pin tidak sesuai,lupa pin nik tidak sesuai,lupa akun,anda blm punya akun, daftar nomer sdah terdaftar 🤣"
Nina Oktafiani,1,2026-01-22 05:08:31,ERROR MULU
Ukar Cuwarsih,5,2026-01-22 03:07:46,sangat bagus
Heru Gestiyadi,5,2026-01-21 16:39:46,sudah baik
Luthfi Bimantoro,1,2026-01-21 13:11:14,"gajelas ini aplikasi, buat download sertifikat vaksin gabisa teruss. padahal gada kendala apapun di hp sama jaringan"
Samikun Samikun,5,2026-01-21 10:13:55,bagus murah
wedak gaguk,1,2026-01-21 08:28:34,Aplikasi sampah pilih jenjang pendidikan aja di klik gak bisa
Mutia,1,2026-01-21 00:49:27,ini kok aplikasi nya ga bisa login padahal udah betul kata sandi sma Email tolong dong di perbaiki🙏🏻
Wesbi Utama,4,2026-01-20 17:02:30,sangat baik sebagai kontrol diri
Dewi Juliana,1,2026-01-20 15:01:48,"aneh , udah masuk berkali kali tapi pas masukin pin data tidak valid ."
Yuli Cahayati,1,2026-01-20 11:51:14,permintaan anda tidak valid mulu padahal email dan pin nya sudah benar
Fariz Adnan,1,2026-01-20 10:36:41,"apalah, ga bisa login padahal email bener, coba daftar pake email yang sama malah ktnya udah terdaftar🗿🗿 tolong ini diperbaiki, kasian yang mau cek data kesehatan digital"
LIA ayonk,2,2026-01-20 04:54:24,mengapa sulit sekali catak kartu vaksin di aplikasi baru ini
Ayu Riani,5,2026-01-19 22:37:15,"menua pasti, sehat pilihan saya"
A. Taufiq,5,2026-01-19 16:29:10,status kes. seseorang terpantau sedini mungkin.... 👍
Suwarno Suwarno,5,2026-01-19 15:04:43,mantap
makoto tachibana,1,2026-01-19 12:39:54,ketitup sendiri terus. padahal udah hapus chace dan udah instal ulang
Trie Dracho23,1,2026-01-19 11:59:46,kenapa ya sangat sulit menggunakan aplikasi resmi buatan negara sendiri.. untuk masuk tidak bisa.. apa lg untuk cek sertifikat vaksin.. ini sudah tahun 2026 masih sesulit ini kah untuk akses mudah..
yuda prasetya,5,2026-01-19 08:18:07,"tingkatkan lagi ,"
Sammy Azis,1,2026-01-19 04:23:21,"aplikasi kaga jelas , Mao log in kaga bisa. nungguin kode otp kagak masuk via wa. sekalinya masuk lewat email. eh di aplikasi nya malah kaga bisa juga ."
PUTRA TONY,1,2026-01-18 13:39:33,gk bisa log in
Budiono Sutanto,5,2026-01-18 09:32:33,sdh mulai mendetail pencatatan kesehatan
Dumelang Nangkurueh Amiano,1,2026-01-18 09:29:16,aplikasi koncet apalah daftar ga bisa login lupa password juga ga gerak sama sekali kocak
Ika Safitri,5,2026-01-18 05:13:10,bagus
Imrathul muthi'ah,1,2026-01-18 03:37:10,"aku ga ada keluarkan akun, pas buka lagi lupa pin, pakai lupa pin dong, buat pin baru. dibagian verifikasi kirim kode ke wa ga ada dikirim², udah berulang dibuat tetap ga dikirim. coba dehh buat lupa akun, isi data dari awal dong malah ga bisa ""permintaan anda tidak valid"". terus gimana mau masuk niihhh, tolong lah masa APK ini jelek bangettt, tujuannnya bagus, tapi ga ngebantu malah ngeribetin"
Cuan Terus,3,2026-01-18 00:26:39,"lama ga akses, tau2 data vaksin suami sama anak 3 hilang, yang ada di apk cuma data sy sama anak ke 4, parah..."
Sugitatri Amarillis,1,2026-01-17 12:02:57,mengunduh sertifikat vaksin nya gabisa terus
Achmad Naam,1,2026-01-17 07:14:49,"masuknya super susah habis waktu di buat aplikasi ini salah terus. pke notel slh pke gmail salah pin juga di perbaiki salah terus. inilah aplikasi mempersulit diri sendiri. Pertanyaan nya,,, jawab sendiri bisa tidak?"
Silva eka Pitri ansyah,1,2026-01-17 05:41:54,"susah masuk pedahal lagi arjent pengen bikin surat vaksin, ini tolong dong di update aplikasinya"
Anggun Realmi,5,2026-01-17 04:35:17,nice
Darwin Ritonga,5,2026-01-16 04:16:23,sangat bagus untuk melihat perkembangan kesehatan secara rutin.
Baiq Dila,1,2026-01-16 04:13:06,"gabisa login katanya gak ditemukan akunnya tapi pas daftar malah katanya akun telah ada, pemerintah kocak negara kocak, apa si yg bisa diandelin dari negara ini kalo aplikasi kesehatan gini aja masih eror"
Ahmad Haical Ramadhan,1,2026-01-16 03:36:52,"Aplikasi edan, selesai ubah pin malah gk bisa masuk, malah muncul pesan ""permintaan tidak valid"", kocak nih aplikasi bobrok."
Erika Triwahyuningsih,3,2026-01-15 22:21:31,"ini gimana sih, baru mau daftar akun karena salah memasukkan nomor 1 angka aja udah ngga bisa dipake lagi. pake email juga bilangnya nomor sudah terdaftar. tolong dong solusinyaaaa"
christian fernando,1,2026-01-15 20:45:10,"Mau melengkapi data pribadi untuk cek kesehatan gratis tapi ga bisa konfirm karena diblgnya tanggal lahir tidak sesuai dengan NIK padahal sudah sesuai, kalau memang ga sesuai NIK masa iya bisa buat akun nya kan konyol"
NUR WAFIQ WARODAT,1,2026-01-15 11:57:00,Kode Verifikasi WA ditunggu sejak SMP sampe skarang gak nongol
diirgaa hanafii,2,2026-01-15 10:18:32,ga bisa login ke akun yg udah terdaftar 👎🏼
yusniansyah Effendi,1,2026-01-15 03:29:39,"sangat lelet, untuk login menggunakan IKD saja tidak bisa"
Hari Wibowo,5,2026-01-15 02:18:21,"punteun, kok nik sy tdk sm dgn nama sy yah ? siapa yg menginputnya yah ? sedangkan sy mau rubah/koreksi data tp ngga bisa yah, kenapa ? kok aneh pisan yah ?????🙏"
Ilfan Acepp,1,2026-01-14 22:15:21,"apasih gabisa di akses sama skali, pemerintah modal lah dikit buat aplikasi berkualitas jgn kayak gni -_- buat daftar aja gabisa"
Adbond Teguh,1,2026-01-14 05:49:56,"Aplikasinya sangat mantep dan akhirnya muter muter dan sudah diakses, sukses selalu dan selamat gajian tiap bulan 😁"
Siti Fitria ulfa,5,2026-01-14 03:57:01,ok
Oemar Oemar,1,2026-01-14 03:56:00,gak ada yg kasi bintang 5
heri rusdi,1,2026-01-13 14:59:52,susah untuk. login
Syihabuddin,2,2026-01-13 12:45:12,"Saya sudah vaksin miningitis + polio. Tapi kok ga terdaftar di app. Bikin app jadi 1 terpusat dong. Jangan masing masing. Auto uninstall, ga berguna jadi nya. Kaya ga ngerti mau ngapain di app ini.. Cuma buat liat sertifikat vaksin covid doang yang baru jelas terlihat manfaat nya."
pratiwiafizah Ayu,5,2026-01-13 12:14:57,hasil cek gratis saya d aplikasi blm keluar
Egha Yulianto,2,2026-01-13 10:55:09,kenapa gak bisa login kak ? padahal email sama pin sama ? huhuhuhu
Rezchy Ayu,1,2026-01-13 08:52:14,"setelah update, sudah 2 hari mau masuk invalid password terus. padahal sudah lupa pass. tetap tidak bisa masuk"
Fahmi Khairudin,5,2026-01-13 06:52:07,"benerin dong dev, verifikasi via IKD stuck loading terus (solved)"
kusnendar kusnendar,5,2026-01-13 03:35:32,sangat membantu semangat moga menjadi amal Sholeh
abadi azrai,5,2026-01-13 03:35:08,pertahankan pelayanan kesehatan yang prima
Jatmiko Ign.,1,2026-01-13 03:07:34,Maklumlah aplikasi buatan pemerintah . kalo ngga error ya tolol
Muhammad Amin Djiko,5,2026-01-13 02:30:56,senang perilaku kesehatan kita didokumentasi digital. Apalagi sdh terhubung dengan aplikasi samsung health dan ada fitur pengingat minum obat. semoga bisa terkoneksi dg rekam medik kita di faskes ya
Edwin Suwandi,5,2026-01-12 21:04:41,bagus
muhammad yuda nasrullah,1,2026-01-12 06:27:24,tolong ini punya saya dari awal kan salah pin udh di coba ganti tetep ga bisa mohon di perbaiki lagi
Mk,5,2026-01-12 05:45:18,baik
sefta agustian,1,2026-01-12 04:39:11,"saya udah update dg apk yg terbaru, saya mau masuk koq g bisa ya, udah verifikasi juga masih g bs masuk, udah coba ganti PIN jg, masih aja g bisa masuk, gimana loh kak?"
ga gank,1,2026-01-12 04:06:21,"gak jelas, , mau log in gak bisa, , verifikasi gak masuk, ,hapus aja aplikasi gak mutu"
Umi Sumiyati,5,2026-01-12 02:37:16,bagus banget
neneng sugandhi,1,2026-01-12 01:28:45,program medical check up gratis hadiah ulang tahun buat rakyat..SAMPAH. sudah datang sesuai dng jadwal malah tidak bisa dengan alasan jadwal chek up puskesmas Babakan Madang Kab bogor.dengan aplikasi beda. rakyat disuruh bolak balik.. itupun yang akan dicheck cuman gula darah dan ekg katanya ..
Hari Susatyo,5,2026-01-12 00:56:58,Aplikasi yang membantu upaya sehat | fiturnya lengkap | mudah dioperasionalkan.
Julyan Fahrezy,1,2026-01-11 18:44:32,"ge jelas stuck di PIN mulu, Per Tanggal 12 Januari 2026 belum ada respon sejak diajukan keluhan terkait tidak bisa login sejak 27 Desember 2025 melalui website aduan keluhan,benar2 tidak merespon dan tidak memberikan solusi apapun, dan saya coba lagi dengan reset PIN dan input PIN baru,namun tetap saja muncul ""SEPERTINYA PERMINTAAN ANDA TIDAK VALID"". Lagian kok bisa ya sekelas aplikasi KEMENTERIAN di hack dan jadi tempat JUDOL,perlu dipertanyakan kinerja semua tidak hanya tim IT."
Hebow Kuswoyo,5,2026-01-11 18:41:00,ok
Azwar Afdillah,1,2026-01-11 12:55:38,"apk sampah, mau masuk akun belum terdaftar, pas mau daftar nomor sudah terdaftar. kan an"
Yuli Kuswarlan,5,2026-01-11 12:21:28,bagus
pemmy nusantari putri,3,2026-01-11 11:34:57,lumayan mencatat riwayat pemeriksaan dan jadwal minum obat
Andi Susanto,3,2026-01-11 03:25:37,"aplikasi terhenti ,tidak merespon ,tidak bisa dibuka :("
Muhamad Alatas,5,2026-01-11 03:03:58,bagus
Akosong LimaS,5,2026-01-10 08:01:17,luar biasa
Irfan Nunge,5,2026-01-10 05:41:30,sangat mudah digunakan
Indriashary,1,2026-01-10 04:02:50,"mau masuk gak bisa pdahal sudah update pin, tapi tetep gak bisa masuk, tolong perbaiki sistemnya"
aiyradiyra LG,4,2026-01-09 23:17:22,"edukasi hasil tiap skrining ditambahkan lagi, atau koneksikan dengan hasil riset atau anamesa dari misal : halodoc atau dokter online lainnya. Oh ya, sepertinya perlu ditingkatkan deh, mau sinkronisasi ke app kependudukan digital selalu lama dan ujungnya gagal"
Dion Wiyoto,5,2026-01-09 14:17:43,semoga sehat selalu
sumisih misih,1,2026-01-09 10:12:57,"mau masuk aplikasi gak bisa lanjut. padahal kode otp dari email sudah dimasukkan. tertulis ""sepertinya permintaan anda tidak valid"""
Anis Habel,5,2026-01-09 09:40:05,mantap
Toat Rozik,1,2026-01-09 02:55:11,"saya kan mau ulang tahun saya coba daftar aplikasi tetep tidak bisa ya tetep gangguan aja, dan datang ke puskesmas katanya belum ter sedia di sini wilayah saya😡"
mahjong ways,1,2026-01-09 00:12:18,"susah pake banget nentuin lokasi untuk akun tertaut,,masa iya di pencarian lokasi nge bug terus ketemunya lokasi aceh terus."
Seto Bayu,1,2026-01-08 23:40:25,"ngisi data untuk CKG yang bagian jenjang ga keluar opsinya gabisa id skip, gimana cobaa aneh bgt ngestuck disitu"
Notoprojo Fachri,4,2026-01-08 22:00:41,perbaikin lagi bugnya
bejo adijoyo,5,2026-01-08 16:47:04,oke boss
nadin aura zafira nadin,5,2026-01-08 13:16:20,sehat selalu
Ciwong Oleng,1,2026-01-08 12:48:48,"daftar cek kesehatan gratis anak sekolah selalu muncul "" permintaan anda tidak valid "" padahal data yang diinput sudah sesuai semua"
laksana wati,5,2026-01-08 12:25:36,ok
Nang Randu Utama,5,2026-01-08 11:50:48,mantap
Icha Adelia,5,2026-01-08 11:33:07,IYA BAGUS MANTAP BANGET SETUJU
iik Thoriq Abdul Kholiq,1,2026-01-07 23:30:07,aplikasi belum siap maksain harus dipake
Tuti Jams,1,2026-01-07 22:40:57,"aplikasi ga jelas, saya belum daftar pas mau daftar malah ga bisa, benerin lagi ni aplikasi"
Suratman Suratman,1,2026-01-07 09:58:03,"saya mau login knp tidak bisa? no hp dimasukkan utk kode verifikasi wa tp tidak dikirim melalui wa, buat akun baru juga sama, masukin email/no hp tertera no sdh terpakai, trus mau login harus bagaimana?"
Dwi Cahyo,5,2026-01-07 07:38:19,semua baik
Canggih Beni,1,2026-01-07 07:36:29,tidak bisa mengunduh sertifikat vaksin
Maria Damayanti,1,2026-01-07 07:06:43,"tlg ya, kalau blm ada fasilitas utk cek nya di tiap puskesmas, ya ga ush di masukin sbg list yg hrs dicek, anak sy, ada hasil yg di input angka ngasal. (dg alasan gak ada alat nya). jadi kesan nya, utk formalitas saja . kan parah, gawat.. tlg ya pak Presiden diperhatikan. matur suwun"
Hindun Hindun,1,2026-01-07 05:54:22,"ini apk gak jelas bgt ya.. jelas"" data gw falid eh malah di bilang gak falid.. dasar apk nyusahin😈👿"
arfa dean,1,2026-01-07 05:45:21,apk ny jelek gak BS di pake
Kang Santri,3,2026-01-07 04:22:52,puas
Agung Firdaus,5,2026-01-07 03:35:14,ok
Nayla Salwa,1,2026-01-06 21:55:19,"ga jelas ini apk, pas mau isi skrining fisik malah ga bisa. Udah dicoba kaya gimanapun. Akhir saya apus, pas saya login lagi pake sandi. Malah salah, pas udah dimasukin email dan no.telp malah dibilang ga valid dan malah ga ke kirim kode nya."
Doni Setiawan (Doni setiawan),1,2026-01-06 14:27:40,verifikasi nya setahun lama banget bikin emosi
Haryani Ade,2,2026-01-06 12:51:41,tidak bisa di akses
Hary Kazama,5,2026-01-06 12:03:35,"Aplikasinya ga jelas, verifikasi lemot. modal pemerintah di kemanain kok maintenance saja buruk. Kecewa."
nurmi tubagus,1,2026-01-06 11:19:51,saat masuk langsung diminta pin. sudah ganti pin tapi masih tidak bisa masuk. tolong Kemenkes perbaiki aplikasinya. jangan cuma menuntut masyarakat pakai aplikasi tapi fasilitasnya tidak memadai. menyusahkan saja.
Didi Nuridi,1,2026-01-06 10:08:45,ga bisa login dan force close
Atik Muthmainnah,1,2026-01-06 08:06:53,aplikasi eror uda ganti pin lupa pin tetep tidak bisa. sekelas kemenkes bikin aplikasi tapii kenapa hasilnya kek ginii😭
Yope Anggriawan,1,2026-01-06 05:54:57,gk bisa login berkali2 kecewa padahal minta reset pass ttp gk bisa login pdhl butuh sertifikat vaksin buat kerja !!!!
Arnaedi Ama,1,2026-01-06 04:54:36,errror terus biat akun no hp sudah dipakai terus...
Raain Kawula Widodo,4,2026-01-06 02:29:49,hasil pemeriksaan tdk update
Firerza Kandhi Wrahatnala,5,2026-01-05 21:51:48,bermanfaat untuk penjadwalan kesehatan
Agung Sutrisno,5,2026-01-05 02:36:36,sangat membantu cek riwayat kesehatan
Basir Basir,2,2026-01-05 01:38:32,"sudah vaksin dosis 2 dari tahun 2021, tapi sertifikatnya cuma sampe dosis 1, padahal mau buat nyari kerja, kalo bikin apk yg bener dongg"
Abu Nawas,1,2026-01-04 11:25:11,baru mau coba mudahan berguna dan gk ribet proses verifikasinya
sekar sekar,5,2026-01-04 08:21:24,Puas Sekali
yasir ngali,5,2026-01-04 03:11:48,"mantab gan, membantu untuk hidup tetap sehat"
Muhammad Agung,5,2026-01-03 12:58:40,Mantap sekali
Umi Laela,5,2026-01-03 10:52:35,sangat bermanfaat
Bang Amin,5,2026-01-03 10:32:38,kontrol diri sendiri
Pak Muji,5,2026-01-03 08:12:23,sangat bagus
Uun Nurmilah,5,2026-01-03 01:48:24,Lancar
Jonathan Reza Pahlawan,4,2026-01-02 18:55:43,bagus melindungi pasien untuk kesehatan
Dede windi amelia,1,2026-01-02 12:54:39,"saya mau masuk ke akun saya udh lama buat, ga saya apus jg tpi knp mau verivikasi kode lewat wa ga muncul"" kode nya udh dicoba brp kali"
Made Adnyana,5,2026-01-02 06:35:39,"baik, terbantu"
Dewi Putri,1,2026-01-02 03:02:47,"aplikasi gak jelas, belum pernah ganti PIN waktu mau login gak bisa, sudah pake fasilitas ""lupa PIN"" trus ganti, masih ga bisa login selalu muncul ""permintaan anda tidak valid"" 🤮"
budi setiawan,5,2026-01-02 01:54:57,sangat membantu saya
wawan setiawan,4,2026-01-02 00:44:03,menambah pelayanan
Bambang Utoyo,5,2026-01-02 00:26:33,Aplikasi bagus
Nur Imania,1,2026-01-01 11:29:44,"Sebenernya cukup terbantu untuk pemeriksaan kesehatan gratis dengan aplikasi ini. Tapi sangat mengecewakan ketika tidak bisa memberi penilaian terhadap hasil tes yg tidak relevan yg diisi oleh pihak puskemas. Masa saya tidak dites gula darah dan kolesterol, di hasil tes tertulis normal semua. Tensi tinggi ditulis normal, bahkan saya tidak cek EKG dibilang hasil bagus. Sangat berbohong pihak puskesmas mengisi data tersebut."
Aurora Ayara,1,2025-12-31 08:49:20,aplikasi gaje. NIK benar kok di keterangan NIK salah.
taburays kulama,2,2025-12-31 05:54:15,membantu apk ini
Jack Rian,5,2025-12-30 22:44:28,keren
Wahyudaagungnugroho Nugraha,5,2025-12-30 17:36:39,baik
Hevi Putri mayang,1,2025-12-30 15:20:30,"ga daftar buat skrining kesehatan tapi ada datanya itu kek mana???? nama anak lagi bisa2nya asal isi dan ambil data seenak jidatnya, apk pemerintah kapan sih bisa diksh rating 5?? ga pernah bener"
Bryan Waldy Frederik Rahim,1,2025-12-30 13:58:09,TIDAK BISA LOGIN. HALAMAN MASUKKAN PIN BERMASALAH
ujang inurgianto,5,2025-12-30 12:44:56,Alhamdulillah...saya mudah mendapat informasi..
jufri64 H JUFRI,5,2025-12-30 11:16:13,pelayanannya lancar
zainal asyikin,5,2025-12-30 08:32:49,smart educational health care. sangat membantu monitoring kesehatan pribadi dan keluarga. sukses selalu SATU SEHAT.
fatnur layla,3,2025-12-30 06:57:51,"sesuai pengalaman saya, pernah mendaftar antrian secara online melalui aplikasi ini, namun belum dilayani malah diaplikasi keterangan sudah selesai dilayani."
Sugeng Riyanto,5,2025-12-30 05:17:55,ketahuan penyakitnya
Nazara,5,2025-12-30 04:28:39,sangat cepat
Muh Ismail,5,2025-12-28 08:15:55,aplikasi nya maantap
Fadri Supri,3,2025-12-28 02:19:50,"permisi min, ijin menyampaikan aspirasi pendapat. kenapa tidak digabung ke jkn mobile min? agar satu pintu. daftar di rumah sakit kecil tapi data jga bisa terbaca di RS besar. terimakasih"
Ryanti Puspa,3,2025-12-28 01:22:01,puas
Dino Darto,3,2025-12-27 10:23:44,"aplikasi ribet,bulak balik suruh ganti pin sudah,masukan nik sudah dll,tetap aja pin tidak valid. susah login aneh"
Devirika,1,2025-12-26 23:43:18,"buruk sekali, saat pengisian data domisili saya nggk ada lalu saya buat pengaduan ke email, di balas lama banget dan jawaban gak sesuai dan nggak nyambung itupun pake jawaban otomatis, yang disalahin malah datanya padahal yg salah aplikasinya😂 genah pora??? seriusan loh masa apk dari pemerintah kaya gini yang kerja niat apa engga??"
Muhammad Fahmi,5,2025-12-26 14:02:48,Alhamdulillah sgt membantu
Afryan Hamzah,1,2025-12-25 06:51:24,"kesulitan login, malah yang ada tidak valid, dan udah hubungi helpdesk nya ,gada respon"
Cecep Sukmapurnama,5,2025-12-25 04:06:54,"Satu sehat mudah di gunakan,banyak informasi tentang kesehatam"
Surahman Gurusinga,1,2025-12-24 12:05:16,Coba dulu
Miftahul Huda,1,2025-12-24 09:15:38,"Aplikasi mau masuk susah, harus gonta-ganti pin ngak jelas"
Rais Imaduddin,5,2025-12-24 07:56:24,oke
Putri Aryani,1,2025-12-24 04:33:22,"Tidak bisa login walau sudah ganti pin, yg ada permintaan tidak valid terus, sudah komplain via web juga tapi belum di respon.makasih"
Anwar Sanusi,1,2025-12-24 02:34:39,"login email, pasword benar.. tapi susah masuk. banyak bug."
Cen fung,5,2025-12-24 01:00:11,Sangat bagus
Firsah F,1,2025-12-23 23:07:14,setelah diupdate malah tidak bisa masukkan pin. sudah ganti tapi tetap sama tertulis permintaan tidak valid
Yusbar Yusuf,5,2025-12-23 22:46:57,mantap
alaika _,1,2025-12-23 13:19:18,"ga bisa masuk, padahal udah ganti pin. 2x kayak gini. Dana buat perkembangan aplikasi apa kurang? Punya pemerintah loh dari Kemenkes masak sekelas Kemenkes aplikasi jelek butur kayak gini, eh tapi aplikasi dari pemerintah Konoha ini emang jelek jelek. Itu dana kurang apa dikorupsi besar besaran?"
Johan Tamsil Lie,1,2025-12-22 16:21:26,aplikasi busuk buang2 uang rakyat
budi anur,5,2025-12-22 13:52:42,gasken
Widd_ya 0003,1,2025-12-22 07:14:44,"kirain lupa pin, tapi udah berulang kali ganti ttp d bilng salah pin nya , tiba2 error"
Wahyudin,5,2025-12-22 04:09:43,"membantu, tks"
Yesika Agusmi Rahayu,1,2025-12-21 23:51:34,Aplikasi error force close ketika login atau setelah memasukkan pin dengan benar.
HARTOWO RAHARDJO,5,2025-12-21 15:48:09,Lebih Baik Mencegah Daripada Mengobati
Eva Eva,5,2025-12-21 15:38:14,CARA PENGGUNAANNYA GMNA KAK
Achmad Cholid,1,2025-12-21 14:18:34,aplikasi kementerian sekacau ini.. verifikasi WA dan Email ga ada yg masuk
ROY ambarita,1,2025-12-21 14:13:46,Aplikasi yang berbau pemerintah tidak ada yang bagus banyak yang bermasalah.
MUHAMMAD NAZRIL ILHAM,1,2025-12-21 09:01:07,aplikasi jelek saya login akun malah muncul akun tidak ditemukan padahal dulu login pakai akun ini malah hilang padahal saya mau ambil sertifikat vaksim sayaa malah gabisa
Endah Erini,1,2025-12-21 05:56:57,"aneh, sy blum melakukan tes kesehatan ,tapi hasilnya sudah ada"
Spanca SOUNDPUNK,1,2025-12-20 16:15:14,memang aplikasi buatan negara atau instansi pemerintah gak ada yang bener.. mau daftar antrian pakai online tapi gaj bisa karena tiba tiba dari aplikasi sendiri yang menentukan tempat dan waktunya. lalu mau verifikasi data masukan kode otp sudah benar katanya gak pernah benar. saya bisa baca tulis saya masukan kode yang benar di anggap salah. ya allah tolong
Anggita Safitri,1,2025-12-20 12:13:56,"INFO DONG,KO GAK BISA LOGIN DI HP KU YANG SATU YAA,PADAHAL SUDAH KELUAR DI HP LAMA.PAS MAU LOGIN KE HP BARU GAGAL TRUS"
Tanrianto Andhika,1,2025-12-19 16:00:28,"setelah diupdate, malah ga bisa log in terus dengan alasan permintaan tidak valid"
Ramlah Aidid,3,2025-12-19 07:49:41,kalau mau buka / masuk jgn pakai email cukup pakai no hp saja👍
Rian Partirawa,1,2025-12-19 06:52:49,aplikasi sering ERROR dan ga bisa login.
Bangkit Permana,1,2025-12-19 02:41:56,tidak bisa bukak verifikasi satu sehat agak kesel
Budi Santoso,4,2025-12-18 14:24:07,"Semoga tidak hanya sekedar Aplikasi, namun benar benar dapat menjadi dasar terjaminnya kesehatan dan kemaslahatan masyarakat Indonesia"
Winy (Refrain),1,2025-12-18 04:09:45,"cape banget pake aplikasi begini. mau akses malah login ulang, udah masukin password malah salah, klik lupa password buat password ulang, pas masukin password yg baru malah permintaan salah lah. konyol"
Derio Nurfajar,1,2025-12-18 02:20:26,sampah banget ini apk pemerintahan . waktu di vaksin maksa harus.. sekalinya nyari kerja harus pake kartu vaksin. sekarang apk nya aja ga bisa dibuka setiap verifikasi nomor di email. permintaan tidak valid terus!! tolong dong jangan dibkorup terus duit nya.
Dadang Windi,1,2025-12-17 13:17:49,susah
VEXANA,1,2025-12-17 11:18:55,"sekelas negara kok bisa bikin apk modelan kek gini, gjelas"
Mila Songan,1,2025-12-17 04:39:40,setelah memasukan PIN aplikasi tertutup sendiri
yoel dagasou,5,2025-12-17 03:40:02,good
Tomy Setio Wicaksono,5,2025-12-16 21:25:27,Baik. Benar. Manfaat.
ISTANA TAMAN HATI,1,2025-12-16 17:32:54,"jdi kaya gini,banyak diubah ubah jdi gk kaya dulu,liat surat sertifikat paksin yang kemarin juga udh gk ada."
Phutra Lalan,1,2025-12-16 02:53:09,"sudah punya akun. gak bisa masuk, sudah ganti pin masih tidak bisa masuk. pakek metode masuk dengan IKD masih tetep gak biasa masuk. pakek lupa akun juga gak bisa. pakek daftar ulang juga gak bisa."
Indriana,1,2025-12-16 02:36:51,udah uninstall tetep gabisa masuk kenapa ya
Lasimin 1212,5,2025-12-16 01:51:16,top
Nungki,3,2025-12-15 12:29:21,"pernah denger kalo apk ini data diri masyarakat prnh bocor,semoga kedepannya tolong untuk diamankan lagi data2 penting milik masyarakat,takutnya digunakan utk hal yg buruk,tolong untuk menjaga privasi data kami semua masyarakat yg sudah pakai akun ini 🙏🙏🙏minta tolong banget min"
Mufthika Dewi,1,2025-12-15 08:08:06,saya ga merasa daftar tetapi kenapa mendapatkan WA dari kemenkes bahwa saya telah melakukan tes kesehatan gratis dan hasilnya pun tidak sesuai tolong dong jangan asal isi atau daftarkan lebih diperhatikan lagi Aplikasi nya agar tidak terjadi kebocoran data
angkasa tu,2,2025-12-15 03:53:15,"ini jenjang pendidikannya gabisa dipencet ga bisa diiisi samsek, jd gabisa ngisi data lengkap, udah di coba berkali2 di refresh juga gabisa2, tolong diperbaiki segera."
Sariman Syukur,5,2025-12-14 11:34:21,bagus
Fadjhar Toealecka,1,2025-12-14 05:55:09,parah tidak bisa login
Zhafira Qisya,2,2025-12-14 04:01:40,susah bgt buat verifikasi data. minta no tlfn udh diisi tp ttp aja g ditemukan. pertma daftar isi ttl masa g bisa diverifkasi jg ttlnya. capek bgt. buat apa bikin beginian tp bolak balik ngisi data diri salah mulu
RIZKI TRI WAHYUDI,1,2025-12-13 10:50:15,SUDAH MENGISI LINK YANG DI KASI SAMPAI SAAT INI BELUM ADA TINDAKAN SAMA SEKALI? BAGAIMANA INI? TIDAK ADA SOLUSI SAMA SEKALI
Reyy Kun,1,2025-12-13 05:56:24,"aplikasi sampah pemerintah cuma bisa ngehabisin dana buat korup aja ya? di update harusnya bagus malah lemot+erorr lawak. LOGIN PAKE PIN YG SAMA DI BUAT AJA MALAH GAK VALID DI GANTI PUN TETAP SAMA, AGAK RAGU SAMA HASILNYA SOALNYA YG DI CEK CUMA YG ADA KELUHAN UNTUK MCU, KATANYA UNTUK PENCEGAHAN DINI JUSTRU ITU YG KITA TIDK TAHU ITU HARUS DI CEK SEPERTI ASAM URAT + KREATININ SAMA UREUM LAH AKU CUMA ASAM URAT AJA YG DI CEK BAGAIMANA INI MUAK BANGET"
Mujib Burrohman,1,2025-12-13 05:22:39,gak guna bgt
Uud Takhrudi,5,2025-12-13 01:40:43,"Aplikasi yang sangat membantu bagi masyarakat penyebaran vaksinasi, rekam medik dll. Maaf, kalo udah keluar dari aplikasi, mau masuk lagi susah banget. Terima kasih"
Call Me AIL,3,2025-12-13 01:39:14,"aplikasi sama prakteknya/pihak nakes, itu ga sinkron,masih seperti masing² saja...fitur² aplikasinya masih spt dekorasi sj."
Jihan Syafi'ah Nashiroh,3,2025-12-12 18:07:45,"Di update bukannya membantu tapi malah mempersulit, ini gimana caranya ambil antrian ke faskes pertama kalau vitur nya hilang gitu. Gimana sih gajelas aplikasi gak guna!"
Rizky Ramadini Febrinda,1,2025-12-12 05:08:18,Tidak bisa ganti pin untuk masuk. ketika pin sudah ganti tetap tidak bisa masuk. alasannya 'sepertinya permintaan anda tidak valid'. sudah terjadi selama 2 hari. sudah pakai email dan nomor terdaftar pula. Terlalu menyulitkan pengguna.
Joe (Ghanthenk),5,2025-12-11 16:54:48,ok
Wahyu Satoto,1,2025-12-11 12:45:41,sudah ganti pin tetap aja nggak bisa akses
Apa Lu,1,2025-12-11 11:54:33,GAK BISA LOGIN PADAHAL OTP YG DIMASUKKAN SUDAH SESUAI KONYOL BANGET NI APLIKASI
Kinoman T,1,2025-12-11 11:11:07,masukkan kode otp sudah benar malah tidak valid. ubah pin berhasil malah tidak valid saat login. hapus aja apk ini
Derry Harristian 05,5,2025-12-11 10:41:00,Agak sulit sedikit
YUNIE NURAENI,2,2025-12-11 07:04:25,kenpa saya tidk bisa masuk kedalm akun? kata sandi salah mulu! sudh saya ganti tetep slaah...
asra jr,2,2025-12-11 06:31:34,saya mau masuk g bisa terus padahal sandinya udah bener
Henix Setya,4,2025-12-11 03:00:54,mau daftar tapi tidak ada verifikasi yang masuk gimana solusinya kak
hii lily!,1,2025-12-10 02:55:55,saya pernah vaksin tapi pas mau liat sertifikatnya ko tulisannya tidak ada riwayat vaksin ya?
Hidayatullah Prince,5,2025-12-10 01:33:15,mamtap
El Vina,2,2025-12-09 21:42:51,"gue gak paham lagi, aku mau coba daftar pakek email atau pakek nomor telpon sama aja. Katanya email dan nomor udah di terdaftar. aku kira udah terdaftar dan begitu memang prosesnya. pas login, kagak bisa masuk dan tak terdaftar. tolong banget di perbaiki dong. inj kan aplikasi pemerintah. masak kualitas nya jelek banget. 🙏"
Munirah RX,1,2025-12-09 12:50:49,Aneh banget ibu gue kaga ngikut cek kesehatan gratis tiba2 dapet wa tiket ckg dan selang 1 menit langsung keluar hasil pemeriksaan. manipulasi banget!!
Karmila Micha,1,2025-12-09 10:43:19,knpa ini akun satu sehat sering skli minta update bikin bosan bagi kami yg mengunakan apk satu sehat
Yani Ra,1,2025-12-09 05:34:20,kenapa GK bisa akses masuk ? SDH masuk pasword langsung keluar???? tolong di perbaiki BPJS inib!
Hadi Siswanto,5,2025-12-08 11:24:28,okok okokok
AldyKhap _,5,2025-12-08 09:28:28,good
Jaffar.M Ghoffar,1,2025-12-08 09:16:51,"eror akun sesuai tapi tidak bisa masuk, pin sudah sesuai padahal ANEHHH BANGETTTT"
Zahratu Fuady,5,2025-12-08 08:04:46,"klo bikin aplikasi yg bagus dong jng yg murah, buat ngecek aja gak bisa apalagi donlot sertifikatnya, bikin malu."
tri trita tami,5,2025-12-08 08:01:39,bagus cepat
Angga Yunandha,5,2025-12-08 07:58:17,sangat bagus dan keren
m majan,5,2025-12-08 07:05:46,sudah bisa setelah di update.... tp login pake ikd nya ga bisa
Mar Linda,5,2025-12-08 06:54:13,terbaik
Lidya Desmita,5,2025-12-08 06:49:30,terbaik
rieza zulfahmi,5,2025-12-08 05:43:20,sudah bagus
farida fiorentina,5,2025-12-08 05:31:03,sangat bagus
Nok Titi,5,2025-12-08 05:26:02,the best
Bebek Ayam Bumbu Hitam Madura,5,2025-12-08 05:14:12,aplikasi yang sangat membantu kami.. terimakasih
Muhammad iqbal,5,2025-12-08 05:13:29,mudah digunakan dan user friendly
zara,5,2025-12-08 05:11:05,very useful
abdul mujab,5,2025-12-08 04:49:28,oke
Rizki Batara,5,2025-12-08 04:48:23,smart app for health
Suriyaningsih,5,2025-12-08 04:39:52,good
Alvita Dwi Lestari,5,2025-12-08 04:39:05,aplikasi keren
Anisha rizal,5,2025-12-08 04:36:50,bagusss
Adel Noermalisa,5,2025-12-08 04:19:05,hari saya cek kesehatan
Jihann Nblh24,5,2025-12-08 04:18:20,bagus dan rapih enak
Dewi Yuliani,5,2025-12-08 04:08:23,Sangat bagus utk riwayat kesehatan
Sunardi 46,1,2025-12-08 04:05:57,"ga jelas bgt, masukan no HP katanya udh dipake, masukan email jg ga bisa, udh foto KTP jg tetep ga bisa masuk, rugi waktu untk instal"
rabda febianto,1,2025-12-08 03:43:20,"tidak bisa login pake metode apapun. sekalinya bisa login, sudah ada data hasil pemeriksaan yang saya tidak pernah lakukan dengan nomor tlp yg beda. sudah kirim aduan ke help desk tapi belom ada respon."
Larno Larno,5,2025-12-08 03:35:44,aplikasi bagus
esi meilanie,5,2025-12-08 03:25:30,hkn oke
Ancestor Ji,1,2025-12-08 03:08:28,"Aplikasi paling jelek, karya pemerintah, susah sekali mengubah data pribadi, susah sekali ngecek sesuatu tanpa aplikasi ngecrash dan kembali ke menu awal, ini kayak buatan anak magang sekolah."
Jati Susilo,5,2025-12-08 03:02:46,bagus
Dana Cepat Solo Raya,5,2025-12-08 02:57:43,bagus
Pesta l Samsida,5,2025-12-08 01:22:23,support sistem banget nihh
Liza Setyaningsih109,5,2025-12-07 14:24:22,bagus
melampauikabut,1,2025-12-07 12:20:04,"banyak bug, stress"
Abid TV,5,2025-12-07 10:04:34,Bagus
Jaharuddin Harahap,5,2025-12-07 09:19:03,bermanfaat
Aditiya Rasyid,2,2025-12-07 09:16:20,apk nya aneh masak nik nya GK bisa di rubah tolong di perbaiki LG apknya🙏
eko beli,5,2025-12-07 08:54:38,ok
Suhartini Soekardjo,5,2025-12-07 08:29:30,bagus
Dewi Tanjung,5,2025-12-07 08:28:57,sangat mudah
Ahmad Hendra Marfiadi,5,2025-12-07 08:20:33,dapet voucher boss
Muhammad Hilman Nukas,1,2025-12-07 08:18:37,ga bisa masuk udh hpir 1thn
Muhamad Sofyan Lausiry,5,2025-12-07 08:03:08,keren dan top
Birkah Syahid,5,2025-12-07 07:56:29,keren
Daru Rahmanto,5,2025-12-07 07:55:40,keren permainannya
dewi rahmadani,5,2025-12-07 07:43:51,sangat bermanfaat
Azahra nadiza,5,2025-12-07 07:41:34,lebih mudah dan keren
Ahaz Limala,5,2025-12-07 07:23:28,mantap
muhdaniar Juni,5,2025-12-07 07:16:45,bagus
bahrul arifudin,5,2025-12-07 07:16:26,keren
Asri Dorisman,5,2025-12-07 06:51:11,terbaik inovatif
Anya Forger,5,2025-12-07 06:46:16,baik
Maulinda Eka Kusuma Wardani,5,2025-12-07 06:38:09,sangat membantu dan menarik aplikasinya
Yunita Dewi Trisnasari,5,2025-12-07 06:35:59,mantap
Rachel Novelia,5,2025-12-07 06:34:16,aplikasi yang berguna
Abdul aziz Husain,5,2025-12-07 06:24:53,app bermanfaat 👍🏻
Sari,5,2025-12-07 06:24:26,mantap baguss
Bayu Aziz Saputra,5,2025-12-07 06:20:15,mantap
thahara salsa,5,2025-12-07 06:17:09,pelayanan sangat memuaskan
ichwatunnida sanjaya,5,2025-12-07 05:59:55,aplilasi baik mnatap
Andini Hendrawati,5,2025-12-07 05:40:00,aplikasi satu sehat memudahkan
Riri Andyta,5,2025-12-07 05:39:19,semoga sehatt semua kita.....😃
Merdeka Sukmana,5,2025-12-07 05:38:42,semoga sehat
lina amrini,5,2025-12-07 05:15:42,aplikasi nya sangat membantu
Bayu Purnama Putra,5,2025-12-07 05:14:11,aplikasi bermanfaat
Ahmad Bukhori,5,2025-12-07 05:13:01,slalu sukses
Dirham Dir,5,2025-12-07 04:39:12,ok
fika rahmadewi,5,2025-12-07 04:36:48,ok
Armilda Sartika,5,2025-12-07 04:31:40,sangattt bagusss
Satria Sudrajat,5,2025-12-07 04:04:54,sukses selalu
Rizka Fauzia,5,2025-12-07 04:03:21,mantap
Yanti Yuki,5,2025-12-07 04:00:47,sehat untuk semua
Nuraini Aini,5,2025-12-07 03:50:45,keren
Jeni Rahman,5,2025-12-07 03:39:39,kerenn bermanfaat
Najmi Firdaus,5,2025-12-07 03:31:44,mantap kereeen
Mohamad hadi Subrata,5,2025-12-07 03:29:17,sehat selalu
Amar Ghani,5,2025-12-07 03:27:55,"Aplikasi nya banyak fitur, UI nya bagus"
Trivano Lenakoly,5,2025-12-07 03:19:06,mantaap
budi pram,5,2025-12-07 03:12:55,"sudah lama donlot, memang sangat bermanfaat utk kesehatan saya"
Marda Nengsi,5,2025-12-07 03:09:34,sangat membantu kehidupan
Parmi Rosdianah,5,2025-12-07 03:05:55,mantap
Woko Rasadesha,5,2025-12-07 03:04:27,mantap pelayanannya
Fachrudin Ali,5,2025-12-07 02:59:37,bagus aplikasinya
shintia novari,5,2025-12-07 02:55:21,"bermanfaat sekali, aplikasi berjalan baik"
Omega comet,5,2025-12-07 02:54:49,lumayan
telly verawati,5,2025-12-07 02:51:11,ok banget
Babe Echa,5,2025-12-06 20:24:20,Sudah banyak kemajuan di aplikasi ini dan terus dipertahankan serta dikembangkan lebih lanjut agar lebih menarik
Aji Azhari,3,2025-12-06 12:41:04,"Tidak bisa log in, pin tidak valid padahal udah diganti dg yg baru ttep tidak valid"
Rizal Abdul Ghani,1,2025-12-06 11:12:17,"aplikasi rusak, udah bikin akun trs pas masuk malah tidak valid padahal udah jelas banget pin bener rusak rusak"
Yoseph Aprilian Bintang Wijaya,1,2025-12-06 11:07:40,"Aplikasinya di cari gak ada di menu aplikasi di hp kayak hantu dan suka berjalan sendiri di belakang layar kayak mata-mata, harus ceknya lewat setingan langsung aplikasi manajer baru ketemu dan sekarang saya uninstal karena udah gak jelas aplikasinya dan membahayakan privasi menurut saya."
sartika utami,1,2025-12-06 11:06:13,"CKG udah sebulan lebih, hasilnya blm muncul jg d aplikasi. kayak gak guna bgt"
Nur Amanah,1,2025-12-05 14:56:35,"dulu akun saya daftar, skrng login malah jadi nama mamak saya aja, dulu data semua anggota masuk, sekarang cuman data mamak saya, jelas-jelas juga saya yg daftar, aneh banget diupdate bukannya malah bagus malah makin jelek"
Nur Ismi,1,2025-12-05 04:31:30,kok tidak bisa dibuka sih. ini sudah di lupakan kah??? kalo mau update jangan lupa akunnya di sinkron dengan mobile jkn. kan satu email satu ayok jlcoba dihubungkan sebatas web atau mengarah ke satu sehat boleh. INI APLIKASINYA TIDAK BSA D BUKA. POPUP APLIKASI TERHENTI.
Marno Kamso Toyadi,1,2025-12-04 15:09:58,setelah diupdate. setiap dibuka force close. padahal audah sudah instal ulang.
Dina Olifia,5,2025-12-04 15:05:39,awesome
sam hadi,2,2025-12-04 12:33:09,"bagaimana cara login dengan beda no hp tp masih email yang sama?sudah di coba berkali2 login dengan email tetap tidak bisa masuk,mohon bantuannya"
Aden Bhodrex,1,2025-12-04 08:20:38,"niat bikin aplikasi ga sih, ngirim kode verif aja lama nya minta ampun"
Asep Somarih,1,2025-12-04 04:48:05,PIN sudah benar tapi permintaan anda tidak valid. Maksudnya apa setelah diupdate kok jadi error apknya
Tania Rina,1,2025-12-04 01:40:45,tgl yg dipilih tnyta puskemasnya gak melayanin cek kesehatan mau reschedule malah ga bsa.
Paseli Patrisius,1,2025-12-03 11:49:04,"Aplikasi error niih kode OTP nya benar dibilang salah, jadi bingung. Trus ganti kirim ke no wa gak bisa diklik jadi 6 kotak kode OTPnya gak bisa diisi"
riska sari,1,2025-12-03 09:58:11,"sulit untuk masuk ke aplikasi,,,"
Mama Kamu,1,2025-12-03 06:22:00,"Saya tidak merasa mendaftarkan diri saya untuk Ngecheck kesehatan saya, dan tepat hari ini 03/12/2025 pagi menjelang siang saya mendapatkan pesan dari kemenkes bahwa saya akan di check dihari ini, padahal saya tidak mendaftar sama sekali, kemudian saya download aplikasi satusehat, dan Ngecheck tiket dan disitu tidak ada tiketnya, kemudian saya mengecheck di hasil pemeriksaan ada hasilnya, padahal belum ada ke puskesmas yang ditujui di hasil tersebut, kenapa bisa kesehatan saya sudah ter check?"
Ardiiiy,1,2025-12-03 04:04:17,pin udah bener gabisa masuk
Hasbi Hizbullah,1,2025-12-03 03:11:09,"mau cek tiket pemeriksaan, pas verifikasi data diri malah gk bisa milih jenjang kelas, giliran bisa malah asal sekolah nya yang gk bisa dipilih"
Angga Gumilar,1,2025-12-02 21:34:50,"parah abis,, gagal login terus.. dibilangnya permintaan kami gak valid,, padahal aplikasinya yang gak jelas.. kocak.."
Ardie Acho,1,2025-12-02 14:57:38,"sumpah Ini Aplikasi pemerintah, Jelek nya minta Ampun Susah bgt Di akses ribet rumit, Ini aplikasi Untuk warga tapi kenapa butut bgt bgini sih, Ngisi data aja ribet banget. harus masukin semua satu persatu data keluarga GK ada sinkronisasi dari satu Nik untuk ngebaca data keluarga... ampun dahh mending GK usah bikin² aplikasi Ribet bgini gagal Total ini saya di arahkan puskesmas untuk ambil sertifikat imunisasi anak di aplikasi ini. kesel nya ke ubun²"
MHD Yunus,5,2025-12-02 14:53:08,tolong kasih yang terbaik ya bang
Ande Irawan,5,2025-12-02 13:06:01,sangat membantu trima kasih 🙏🙏🙏
Enoox,1,2025-12-02 02:57:42,"parah, daftar otomatis shoot KTP, jadi nya malah beda"
Ashari PutraMbarep,2,2025-12-02 02:16:20,setelah install ulang kenapa tdk bisa masuk... - udah reset PIN tetep TDK bisa masuk... - lewai IKD jg TDK bisa masuk
Mahdiyyah,2,2025-12-02 00:17:44,"aplikasinya ngga works. dikasih pin yang benar ngga nampilin page berikutnya. lagian dikasih pin yang salah ngerespon ""PIN BELUM SESUAI"""
Widy Qurniasari,2,2025-12-01 20:44:20,"Aplikasi aneh..sudah masukkan psw bener masih salah aja, masukkan no HP tidak valid. malas nerusin.."
Luthfi Frans Setiawan,1,2025-12-01 16:14:48,"Kode OTP muncul tapi gaada tempat buat ngetik kodenya di Tampilan layar, Gajelas bgt"
Hanif Society,2,2025-12-01 11:24:34,"Apk sedang bermasalah, tidak bisa di akses 1 Des 2025. 6 bulan lalu masih oke aja tapi sekarang parahhh"
Nun Gesang,5,2025-12-01 08:11:29,sangat baik
Gaza Yuhuyarsy,4,2025-12-01 06:51:21,kenapa sertifikat vaksin saya gabisa diunduh ya?
Subham Taha,3,2025-12-01 05:30:42,aplikasinya sangat bagus
babang kejo,1,2025-12-01 01:57:18,aplkasi pemerintah aneh terus gapernah ada yg bagus
Ade Putra,1,2025-11-30 14:13:14,mau masuk aja susah
FERI SETYA PAMUJI,1,2025-11-30 11:49:13,"tolong diperbaiki masa mau login aja susah bngt, sudah 15 kali coba belum bisa juga. padahal kode verifikasi sudah masuk email. payahhhhhh"
Windy Aprianti,1,2025-11-30 10:29:37,aplikasinya ga bisa dibuka pas masukin pin stuck terus disitu
Ismail,1,2025-11-29 14:22:42,"aneh hari ini tanggal 29 november 2025 ada washapp dari kemenkes RI,bahwa anak saya melakukan pemeriksaan di Tebet. padahal anak saya sedang sama saya,dan tidak melakukan pemeriksaan,tiba tiba terdaftar dan melakukan pemeriksaan. apakah ada yang coba input data lewat bpjs kesehatan anak saya?"
Yanto Nuryanto,1,2025-11-29 11:15:13,aplikasi tidak sehat
Pardi (Tipez),4,2025-11-29 10:08:15,"Kenapa Data tidak tersinkron otomatis dengan BPJS Kesehatan.? Padahal NIK, Alamat, No Telepon, Email sudah sama."
Sri Wariyatun,1,2025-11-29 09:57:31,"aplikasi agak aneh, booking skrining gratis tetapi pas hari H lupa hadir.. dan di menu hasil skrining malah keluar data kesehatannya... dan ada resumenya saya, pertanyaannya itu resume siapa yg isi? ngasal gitu? jelas jelas saya gak datang ke faskesnya dan mungkin gak valid hasilnya itu ngasal.. hmm kok gitu yaa padahal menyakut data kesehatan seseorang, semoga lebih hati-hati dan teliti."
Limited Edition,1,2025-11-29 09:45:19,aplikasi bermasalah tidak bisa login
Edy Jatmiko,1,2025-11-29 09:44:34,"aplikasi gak jelas, input data pilihan kota sesuai alamat kok tidak ada. di Bali kabupaten kota nya termasuk Denpasar tapi gak ada di pilihan, trus gimana bisa input data???"
Arief Kurniawan,4,2025-11-29 08:36:09,Lumayan berfungsi tuk kesehatan
SEPTIYAN ADITAMA PUTRA,1,2025-11-29 03:41:44,aneh nggak bisa login udah reset pin masih belum bisa juga
Baiq Rahmi Fatma Sumayanti,1,2025-11-29 02:29:48,"Hasil cek kesehatan dikirim tapi ribet, jadinya tidak ada hasil karena mau dibuka bertele tele ."
Ika Rosita,2,2025-11-29 01:00:58,"mau masuk aplikasi ga bisa""knpa ya"
Abu Angling Darma,1,2025-11-28 13:32:11,Apk sampah. Ini pengaduan nya gmna. Sedangkan waktu daftar pake nomer Hp sedangkan Nomer hpnya sudah nggk aktif lagi. Di lupa akun tetep aja verifikasi otp ke nomer hp. Call centernya juga nggk ada !
Ridho Now,1,2025-11-28 10:39:10,"aplikasi sampah masak data vaksin booster 1 dan 2 nggak ada, padahal udah pernah vaksin booster"
rizky nursandy,1,2025-11-28 09:23:06,gabisa login aneh
Yogi Esa Surya,1,2025-11-28 08:45:59,sudah di kirim kode otp tapi kolom untuk input kode otp gak muncul aneh😭 mau dipake apa kode otpnya??
faizz Dark,5,2025-11-28 06:48:39,aplikasi nya waa banget buat saya ter waw waw😮😮😮😮
Hn seung,1,2025-11-28 03:00:49,"Tidak bisa log in, dan verifikasi tidak valid terus"
Sri Rahayu,5,2025-11-27 21:22:56,bagus sangat membantu sekali dlm menjaga hidup sehat d hari tua
Ugi Purwanti,5,2025-11-27 13:39:36,kereen
WiDi ARieS,4,2025-11-27 12:14:22,"terlalu lama Apk nya, Utk verifikasi nya juga tidak jelas.. Tolong Apk nya di bagus kan & di permudah lagi & tidak lemot"
Eddie Kurnia,5,2025-11-27 11:04:47,sangat membantu
Hey Marsella,1,2025-11-27 09:35:34,"capet bgt pake aplikasi ini, sebelumnya bisa di pake setelah di update ga bisa dipake, masuk melalui email atau no. hp yg terdaftar tetap tidak bisa. Tolong tim pengembang aplikasi ini, yuk bisa yuk buat aplikasi yg lebih mudah untuk login"
karunia agung,5,2025-11-27 09:06:36,bagus
Jayadih Hidayatulloh,5,2025-11-27 05:57:24,"sangat membantu masyarakat, Semora sukses"
uskar yulinanto,1,2025-11-27 05:19:05,mau login kok gagal terus udah pake cara login ikd juga gagal pake no telp gagal pake email gagal
Ari Christiawan,1,2025-11-27 04:44:30,bagaimana bisa saya tidak daftar pakai nomor saya bisa tercantum nama orang lain dinomor wa saya... aplikasi pemerintah gad yang bener....dana buat aplikasi ratusan juta anggarannya tapi kualitas kaya aplikasi anak2 yang belajar coding... buang2 uang hanya demi keliatan kerja...
Ratih Dwi wahyuni,5,2025-11-27 03:39:13,"alhamdulillah saya sangat apresiasi adanya program cek kesehatan gratis,sangat bermanfaat buat semua warga indonesia..untuk pelayanan di puskes duser juga top markotop sangat""ramah dr mulai pendaftaran,lab,doker,dan perawatnya baik""semua..smoga makin sukses unk puskesmas duren seribu👍👍👍👍👍👍🥰🥰🥰🥰"
Fauzi Syeban,5,2025-11-27 02:15:07,ok
Rahmad Suryawan,5,2025-11-27 01:17:19,good
Im Nagato,1,2025-11-27 01:12:29,"hadehhhhhh, aplikasi buruk gini masih aja dipake, pemrogramer magang disuruh bikin apk ya gini mines semua, dri dlu udah eror sekarang makin eror aja hadehhhhhh"
Alexandro Alvin,1,2025-11-27 00:44:10,ngebug aplikasi ini
Atiqoh Zfadillah,5,2025-11-27 00:24:15,bagus❤
Muhammad Yusuf,5,2025-11-26 22:18:05,bagus
Riko ryan,1,2025-11-26 07:08:29,gak bisa di download
SUPRI YANTO,5,2025-11-26 02:56:48,mohon dipermudah untuk membuka aplikasi satu sehat
Wiraji sutria,1,2025-11-26 02:43:15,"Ya kita update dulu jadi bintang 1, tolong untuk bagian tambah profil, lalu alamat domisili pilihan provisinsinya ndak bisa di akses, tolong segera dibenahi"
Myu Selvan,1,2025-11-25 23:52:57,"SEPERTI NYA PERMINTAAN ANDA TIDAK VALID, YANG PUNYA APLIKASI BENERIN LAGI DONG , BUKAN NYA MAKIN BAGUS, INI MALAH MAKIN BIKIN EROR"
Abdi Tri,1,2025-11-25 22:42:05,kenapa tidak bisa diunduh sertifikat vaksinasi 1 dan 2 sebelumnya juga bisa ini kok tidak bisa
Lagu Pilihan,1,2025-11-25 22:12:54,Gimana caranya masuk kalau ingat kata sandi malah disuruh ganti sandi karena alasan sandi sudah usang/suruh ganti sandi baru dan sedangkan nomer HP sudah ganti gimana cara dapet kode verifikasinya kalau nomor HP saja sudah diganti ?
Fahrul Rozi,1,2025-11-25 07:53:46,kurang puas dengan aplikasi ini hanya stak di pengisian pin
erick deriza,3,2025-11-25 07:41:26,"hasil CKG belum keluar hampir sebulan. buka applikasinya tapi selalu forced close, ga bisa dibuka. ini maksudnya gmn ya?"
Titi Sumarti,1,2025-11-25 06:44:06,"Aplikasinya ga banget dah. Kemenkes bisa ga hire org IT yg kompeten?? anggarannya dipake buat bayar yg jago. aplikasi sering error. minta email, dikasih email bilangnya salah no. apaan sih kalian ini????"
Ruldy Febriarsa,1,2025-11-25 06:16:05,"Susah Loginnya, suruh hubungi helpdesk tapi bikin bingung dialihkan link lain lagi"
Bagus Nanda Julieka Putra,1,2025-11-25 05:15:36,aplikasi bodoh tidak guna sulit login
edi suranta sinuraya,5,2025-11-25 04:30:22,sangat membantu dan informatif..semoga ditingkatkan dalam pelayanan publik untuk kemajuan bangsa dan negara kita
taufik fajril,1,2025-11-25 02:59:26,aplikasi BUSUK. SISTEM SAKIT
Cholid AR,1,2025-11-25 02:09:45,"saya masukin pin tidak bisa, ganti pin tetap tidak bisa. tolong benerin dulu baru launching update"
Redi Setiawan,5,2025-11-25 00:34:24,sangat bermanfaat dan membantu
hellomyname fluffyyy,1,2025-11-24 05:17:46,"udah pernah daftar dan mau login lgi tpi lupa password, trs mnta kode melalui email atau no hp, udh dimasukkan kodenya malah gak valid dan juga udah nyoba masuk pake identitas kependudukan dsana katanya belum masuk tapi malah nge stuck di pilih tema, harap diperbaiki lagi apk nya..."
New Oura Gaming,1,2025-11-24 03:18:39,"udh suntik vaksin tapi status belum vaksin, blokkkk"
Aprel Bkrc,1,2025-11-23 13:32:31,ngk bisa buka menu ....muter muter terus ngk jelas ini aplikasi masih bisa apa ngk ..
Dedy Prasetyo,2,2025-11-23 13:30:12,"Ketika tambah anggota profil, tidak bisa mengklik jenjang sekolah. tolong diperbaiki lebih baik lagi. karena mencoba terus tidak berhasil, gagal terus"
Interventional Radiographer,1,2025-11-23 12:39:49,"Produk gagal, stuck di suruh pilih tema. apa sih pentingnya tema hadeh"
David Chrisnanto,2,2025-11-23 12:17:11,aplikasi bobrok. disuruh masukin OTP salah mulu tidak valid padahal nomor OTP nya udah bener. jadinya gk bisa log in
Suprianto,1,2025-11-22 18:57:25,"resume medisnya nggak update, untuk verifikasi juga susahnya minta ampun, beberapa faskes malah nggak tau apa itu KYC satu sehat"
Nasha Nidun,5,2025-11-22 15:54:33,good
Bagus Tri,1,2025-11-22 14:31:30,aneh
Delsy Salsiah,5,2025-11-22 13:30:54,terima kasih SATUSEHAT Mobile
Silvie O,2,2025-11-22 02:06:26,"Verifikasi akun harus datang ke faskes, sungguh sangat praktis"
Kiwi's Wifey,1,2025-11-22 01:50:28,pin benar tapi tetap tidak bisa masuk akun satu sehat
surya bowo,1,2025-11-21 18:34:58,aneh bangt ya nih aplikasi sandi ny udah bener malah invalid Mulu😭
Sigit Sujatmoko,1,2025-11-21 14:46:24,"aplikasi apaan sih, tidak bisa masuk, pin sandi tidak bisa digunakan"
Fauzan Haris Wiarso,1,2025-11-21 14:06:19,"gabisa buat login ikd, info salah mulu pdhl uda bener, programmernya gajinya berapa sih?"
Asobiah Biah,1,2025-11-21 13:34:37,"hai kak, ini aplikasi nya kok tiap buka gk bisa terus salah pin mulu, pin nya itu pin apa ya"
Evan Yovianus,1,2025-11-21 13:08:23,"in aplikasi nya gimana sih sudah pembaharuan kok sekali masuk salah dan tidk terdaftar katanya maksdnya apa??? tolong deh yg bener"" dikit klo kerja... masa ia aplikasi yg jaga data warga negaranya seburuk ini, masak kalah sama apl mobil legend"
Abdul Kahar Wijaya,1,2025-11-21 11:19:11,"sertifikat vaksinku gabisa kebuka ataupun kedownload, padahal udah laporan lewat email. jadi susah mau daftar kerja, Kebanyakan harus pake sertifikat :("
Doctor Heart (Ryzant),2,2025-11-21 03:09:07,aneh bolak balik isi data setelah verifikasi tidak valid..
Putu Aris Widyastana,1,2025-11-21 02:48:11,"Bisa kan, setelah pembaharuan tidak perlu login ulang."
nining mukhlisah,1,2025-11-21 01:46:41,"aplikasi gak jelas, login udah bener semua udh bener permintaan tidak valid terus"
iwan doank,3,2025-11-21 01:34:34,udah sebulan lebih ckg tapi hasilnya blm masuk di aplikasi hadeuuhhh lelet bgt
Sita Miftakhurohmah,1,2025-11-20 14:56:37,menu ckg nua nggak muncul
Susi Anni,1,2025-11-20 06:44:27,"bapuk banget aplikasinya, mau ubah sandi aja yg muncul ""terjadi gangguan. silahkan hubungi helpdesk""😒"
Novie Muhamad Andriyanto,3,2025-11-20 03:37:44,Tidak mau masuk dong tolong padahal udah keluar nomor untuk cek kesehatan
Martinus Novandi,2,2025-11-20 03:25:18,"pengisian identitas, tidak bisa di simpan, tolong di perbaiki"
Sya Sya,1,2025-11-20 00:13:55,"setelah update tidak bisa login lagi, sudah coba ganti pin tetap error gimana ini? tolong segera perbaiki!"
